org_uuid,betweenness_centrality
003af4a2-74bc-83c1-58bd-f31717a17f6a,0.0014769747289607865
004dd717-443b-96ad-5ea6-b99f12fac0e5,0.0
006e03c0-690c-b131-dba0-67adbeaae712,0.0
0070da44-2860-2901-9ace-4c633fb657b2,0.0
0071efcd-a308-1ba1-ee4f-b7e7cf020500,0.002996312743608641
008415d1-968e-0abd-3eb6-05de11b17d1d,0.0
009ac667-d0a9-f378-66ce-e117123517c8,0.0
012db05c-288f-6793-cc39-7908d405605a,0.0
0140a263-14d6-b145-d81a-64d99f45a490,5.968848579264816e-07
014be8c3-43b1-83eb-32db-95bfd3bbc565,0.006017001588353647
01522aa9-eacc-ec71-93be-968956370adf,0.002738505418241854
0179642b-1435-e20a-4960-350e96ff994f,0.0
0189ce46-ea1a-d76e-a8a1-631a6e07ef8f,0.0
0196ef9c-f78a-41b8-9859-0f0d9290fbea,0.0
01a848ee-d7c3-de26-4ebc-d3b626fd9869,0.0
01ada654-a6b5-5c1e-96b3-f8a8b4465138,0.0
01c7ba0e-065c-b358-a3b3-7df2f7df3c02,0.0
01dcc178-8c82-1790-244c-63e3b188547c,0.0
01e434d6-086a-43e1-c9ea-b327de1cd57d,0.0
01f09aa2-9109-8cca-c398-9a63c71a5f8f,0.0
01fcb3dc-e699-2079-9e26-4fa67dc819a9,0.001397977763575708
020b9a1d-573d-68c0-2d3f-9f2012b2ecac,0.0
020bd85c-48cd-6c81-277e-50dd2b83b53a,0.0
02729e96-1867-b9e2-fb52-bc50ff6629bb,0.0
02b5c2ab-4ef0-f7b6-ac43-9ddc89e73242,0.0
02e93830-8ab7-72f7-67a8-256d816bf7e0,0.0
02f57eff-5a7e-2493-0d2d-2d61d3186ce7,0.0
03099c0f-ed6a-d0ea-bf12-1347b36ed611,0.0009652029934400876
0385d072-a11e-a9f6-555f-da55d6d49c8c,0.0
0393ec59-73c7-c747-c97d-43455ff3adfb,0.0008801492785189945
03ad313f-e52f-f873-b257-abc2bede6607,0.0
03ccda16-263d-ea68-9443-cd4e72ba1c5b,0.0
040ab1c3-a681-23f8-9429-21f457648b34,0.0
0419c0a8-a72e-33df-6463-fe7ab7f01a21,0.0
044e314d-7671-2343-25b9-2d96ed75c94e,0.0
04883fc5-0d84-4b21-9d0d-f3c324163f36,0.0
04c517e9-aa90-b096-7977-9a5e53d7bbdb,0.005849549054387565
052550aa-417f-3549-61f4-f3b5bb47e63d,0.0
053a7c36-77f4-bcd3-9179-835af3be4d08,0.0
054fc978-4459-159c-c679-059bfcf1a9be,0.0
0560994d-cd8d-fe50-2f8e-6cc05e789a7c,0.0
0579398f-1d16-746a-1b77-281c8f9a4f16,0.0
05d42f36-7600-8c51-028b-66a9e026a4b4,0.0002794550903166466
05d9f61b-7d8d-433a-8da6-95bc40be68dc,0.0
05dce2e1-5d7d-5832-daf1-17185a785a61,0.0
06015a42-bcd6-1bda-5a91-1597e15774ff,1.1937697158529633e-06
0638f384-7666-1765-24a8-f64214799238,0.0003452978903104696
0663f6df-909d-19ff-2ece-deca45a92ef5,0.0
06aadb03-aa45-4ff7-9b17-a9c07336117b,0.0
07169ba0-6c10-ca23-4460-9246d6542553,0.0
0737f9f5-8c78-9db2-389a-af4d2201f720,0.0
07503d9d-8dfb-5257-25bf-73eba28a6f9f,0.0010822079880531766
078feb0e-eb39-5279-fd77-fb6182c81164,0.0
0790d0a7-0632-2d51-f7a3-cbef5ddc11e0,0.0
079ffa40-90e7-e12a-55d2-4d92c04bd70e,0.0
08031dd4-d61f-4755-3b76-816e29a37738,0.0
085430df-14dc-f687-6d57-575c49deef6f,0.0
086544fc-5a0c-582d-cdeb-0e3ecba4c038,0.0
08675a21-1b9d-f55a-f693-da452b7ac0b1,0.0
088ae0b2-6af8-9a60-0619-999cde3a7a84,0.0006911926654788658
08aa3f15-243a-f095-a504-20f51a9f18c3,0.0
08b8fa43-5b52-33be-de09-601d4222bbf1,0.0
08d87149-577e-d69b-1de3-3d738937171d,0.0
091859d7-e144-2b35-635c-62e482d1fe8d,0.0
0929fa24-9e85-9da6-b367-b5aad6a294db,0.0
09685a39-1253-f3b8-0ebc-ac62a10f1f7a,0.0
096c5e96-07a1-05c9-7c36-b233b6f92416,0.0
097db4eb-79dc-edae-3170-c86a39ee94a2,0.0
098a3cad-e9f6-5539-ba80-b40fc693aa2f,0.0
09ac3383-55d2-64b0-094d-275ce8ad0dc9,0.0
0a0c0781-4d39-94e8-af4f-ececfa2782b6,0.0
0a68a94d-caf0-4788-9724-dcf2996abe12,0.0
0a903212-b27c-1db8-0b16-6770f395a5bc,0.0006911926654788658
0a9f92b8-80ff-1d21-7f4f-346490df787b,0.0
0aa840df-41cc-2146-e7d3-93419440d181,0.0
0ab984e9-7413-addd-0b09-7fd5fdef4150,0.010399229322008088
0ab9d5a8-2877-a679-5f86-aea256577614,0.0
0acc19c9-4b1a-9654-f767-ebb05facae5b,0.0
0adbaec1-bf67-9695-c77c-6391fa7591c8,0.0
0aeeaf90-044f-8a5d-97e8-8c9482f423ad,0.0
0af456e7-df6f-e6a0-806d-fd7fb10fa970,0.0
0b2267ce-ff10-8bc7-9d1d-683ea502d4bf,0.0
0b8370f4-1387-5c03-df24-27a7c7d11ad8,0.0
0b8b4e73-4381-ce61-1e1d-19077b351aa3,0.0
0bbc96a3-16f4-4c29-a4dd-c81f318e433d,0.0
0c080d90-1130-fa69-0885-437d90b8686e,0.0
0c0f1f5f-2072-1a7b-b5e4-84ddc444e430,0.0
0c4a1fcb-97f4-9b8b-35e6-8b4425c50b7a,0.0
0ca93b24-afdb-d4e9-b4da-0653343df0b4,0.0
0ce1decb-cdd8-722c-d741-c40c29dbf4bd,0.0
0cfa4f61-e4b2-24ae-21f4-d88016784bc0,0.0
0cfa53f1-fed5-7c3d-a011-c1e225f245ea,0.0
0d019c21-a294-7bbc-9d4a-d0517892ad98,0.0006911926654788658
0d0be1c0-7592-e923-4334-95b5d7b9dedb,0.0
0d33753d-a1d4-1b5e-7dae-b4c4a046513c,0.011113954531426622
0d3c232f-6b4e-3293-80cd-980d0a66acbd,0.0
0d4f4ef3-2474-e8cb-f9c4-e645c53b7595,0.0013811915612418784
0d5171b3-68b3-37c3-cb50-8cd8ccb8930b,0.011094474208478198
0dccd4aa-efcc-9d18-db46-775a55d1323e,0.0
0e09f1a3-ab17-d2d6-80a4-4425f38e4078,0.0013811915612418784
0e1e9d57-5c31-23ed-1d3f-052276d7dea8,0.0006911926654788658
0e264e45-1d07-a798-a1e6-afc58d773b31,0.0
0e8aeaff-bbd3-cebc-7b8d-dedb6c239b11,0.0
0e8de355-c033-d9bf-5332-a15993abdc29,0.0
0eb78bb0-bab1-cce6-fa67-9abe00a4e2f4,0.0020711904570048915
0ec80d2c-a5bd-d11d-eba5-a30dc4c609be,0.0041292494471354
0ee356b5-9924-5501-7166-e305513fa43a,0.0
0ee8cd71-bfd9-bf6b-fb96-a38012b1e001,0.0
0f0173d6-dae1-c63b-8025-1a5332debeee,0.0
0f12006c-e1d5-ebad-0a58-29f20fcb12a4,0.0
0f45b749-2d04-8a8c-e14f-fb185b9f85f6,0.0
0f5d02bc-0f1e-e4e0-80d3-3124953783ea,5.968848579264816e-07
0f67629f-2381-2fee-583b-6c2be3dfb7f2,0.001084530932246637
0f6f5605-0991-02a7-85d9-2c5cad9e0e8b,0.0
0f837dfe-9ccd-29fc-8bc2-6fe96b6ff2f6,0.0
0f86ff48-ee2c-31d2-31e6-9d373af27590,0.0
0f8ef425-e78c-c803-ced5-78470dc3395e,0.0
0f95c532-79ad-9829-81b1-ed123ddef855,0.0
0f9be4e1-082f-1651-7eb6-00f683805efc,0.0
0fb367a3-3d1e-7306-d199-993199f08ad5,0.0014762178027238446
1038d814-420e-deb7-d894-9eb43a5f576f,0.0
103a319f-22ba-d73c-8e9d-01266ede69b6,0.0
10538cc5-3665-6cab-2343-da7ef76523ca,0.0
10876542-f5ef-1ba5-23fc-232a5b53f10d,3.58130914755889e-06
1089464a-b0c6-3c30-176f-74c0b011500f,0.0
1094e47f-0f67-5495-7a0a-7de4a2eae722,0.0006911926654788659
10a3b2fd-b142-046b-7d8f-3b1aa4877aca,0.0016531521279225404
10a4b7a7-09de-cb32-5381-e6463f8963fb,0.0006911926654788658
10cc39d6-d346-26d6-f560-d74162412c3f,0.0
10f3ee6a-a634-9fc1-590d-c692f9d7bb2b,0.0
10f9a25b-9675-2281-486e-a52955c706df,0.003527143723026992
110f7493-e1b3-57e6-227b-405479cb3afe,0.0
11511915-e3d5-ec69-abb6-981e97aba6a7,0.0
1160f0da-b5d2-1db9-b585-ba5b1816a4db,0.0
117b7be9-3b26-f083-12c5-ad1dc6aeee9f,0.0
1199054d-ce11-9832-92dd-a2530d30d573,0.0
119a8b41-de43-cc8d-e938-f07255e2dbdb,0.0
11a15a7f-1ac1-331d-9d3d-1e40a704c0a8,0.0
11d4973c-9bad-a575-a50c-c72f05991da8,1.790654573779445e-06
120c6cd0-2104-8a2b-03bc-e105967d2122,0.0
125c8068-921b-99f8-75e1-203125d2ce45,0.0
125fad3d-f1a2-cb94-8144-d9502f6cce3a,0.0
126f163f-638a-4cec-8535-5b9102b58f8f,0.0
12726050-f2ef-80a4-a133-a86c46249fd8,0.0
12f3e609-8f66-6dc7-abd6-dd8086187ab0,0.0
1316ea34-d6ae-35ee-5800-7a69c5512516,0.0
13236bd4-545d-5fb4-6f45-c9818413e4b3,0.0
132c7870-e002-8838-3840-c8e9cc3ac6df,0.0
13372637-2869-10de-caca-7059de7f411e,0.0
1363b07a-4cbb-af8d-3eb6-21f12e4e92a6,0.0010614056805278702
136c8db2-5a70-d18b-59f5-f8ca961c1c67,0.0
1406b290-e877-1827-4022-9032bd24e267,0.0013811915612418784
140e9dfc-f9e8-a509-5836-a572c2edb632,0.0002504345170474898
14378dad-bfb5-7519-481e-8f692e8f334b,0.0
145b3649-b049-fd29-7af4-1381c9e2e5d5,0.0
14f32245-bd20-5811-458c-00dd810d4060,4.757443248396103e-05
1503b324-7be6-d6b8-f4e4-e182b895bc73,0.0007022779068422854
150a9cc1-c436-5927-11f7-ac752bfc2bee,0.0
152dcb90-c5dd-6357-2d48-0f3d0b4d880b,5.968848579264816e-07
154207b6-2a3b-5c75-d600-aefdfc847593,0.0006911926654788659
157069f3-ed9d-26e4-e0dc-eee1da1f3298,0.0
1575acdf-e8f8-6ef8-5bd5-ee800e3d84b2,0.0
159d7406-93cc-4f25-becd-a47b5ebf94af,0.0
16045545-aab3-f3e7-f1c7-6b64ec20b1ea,0.0
16066380-5194-6404-0220-8b058c590f94,0.0
1653da35-81a2-e3b5-5ef8-258b1b9f64f1,0.0
16592529-9a1f-6609-74aa-21832730583f,0.0019478811419439013
169df302-c4ed-4f59-fc5d-763f86e6c36f,0.0
16a590db-2499-7a61-92c5-5d7ad3fb3d07,0.0
16e8008d-813f-40dd-5e02-3f4dcd9f2b4c,0.0
1701db8b-b566-6ba1-30ad-02b62870e474,0.0
172a34b4-9edd-b0ae-c768-cbfa8e1ab52c,0.003641125992433135
17766aa6-2da1-c1eb-d14d-2277ae1f34c7,0.0
1787528e-7bd3-a500-ba86-ac55205e7e21,0.0
17d078ef-9571-86f4-7fe6-972cd0d7bf8e,0.00025321587809691814
17fc007e-1f5d-3ff8-8f03-bcff5c9528a5,0.004410045029770399
182ef786-cb6e-06e1-f43d-c9a266e9ed46,0.0
1848e699-3115-712c-685e-a4dafd5918d6,0.0
184a839d-b467-8901-9ff8-a726a3171a5a,0.00025694828648255085
184e59e3-cdb7-4ad1-a685-04dd043f556c,0.0
187c2c0e-aea9-f5b2-54ac-78b7c919f16d,0.0
1894c800-7d82-9045-6606-7461508339da,0.0
18dcb31c-7bc3-d01d-5229-73f80edb1c0f,0.0
18f35044-69eb-f3e3-d69c-ed70ad2e974d,0.0
190eef82-1238-2faa-17d0-ddbc79157f39,0.0
1913c3fd-d67d-0b9b-21b7-aa2b2b278439,0.003444025630235799
19289203-6951-a325-3ec4-4f552519ff81,0.0013811915612418782
19361d6a-956c-e550-0c5f-71345e275d3b,0.0
19412722-0e09-e4bf-3f37-4fac89d5149c,0.0
19489165-9d34-e1e2-4dd6-270c04c33e0b,0.0
1952a176-8b38-da03-fe10-d84127e2685d,0.0
1966843c-3293-e58c-7b23-11d8e27d3a97,0.007502249658086099
198f4913-7461-779c-0052-f9430805f644,0.0
19ce949b-8d28-b6ca-315b-c855202209a9,0.0
1a89a0df-a150-658a-02a6-249d3911bf7f,0.0
1a8d429b-c1a2-4788-fe84-1eb0975dbc60,0.000660533148591494
1aa24a8c-c7f8-ed95-25f7-8872ea5be842,0.0
1aa32afa-d94f-b314-3d8a-d596d01be0ca,0.0
1ab1b4a8-3c97-6cee-5d78-e8fb53749c26,0.0
1ad6b04b-0a4c-2a0f-aed5-f7619d772617,0.0
1adb1af3-ef86-7bd4-356c-c61e8db4141d,0.0
1ae4ff6d-79e7-11b1-522c-6c793a7bd05c,0.0
1af189ee-90a6-502a-8627-f69079b996f4,0.0
1b1a00cf-4de7-4b81-34bb-8f5988b3faf6,0.0006911926654788658
1b800f56-77c5-ca23-6ac0-d6f41470cd07,0.0015375632520953414
1bd1698c-cd0f-37bb-581b-1a4b6dd1c772,0.0023140372977417866
1be79c7c-1597-b9e7-86ed-aac4edce1800,0.0
1c41f4ce-92b4-371f-717b-69f7b8386dd0,5.968848579264816e-07
1c4e1ae0-0ab5-e720-0ef6-7eb27b99dd2d,0.0
1d29fa0b-ee8b-a430-9f4c-731301959032,0.0
1d6a95d3-0303-44ae-a4ec-8c6350e7d0bc,0.0006911926654788658
1d8bb1f6-7075-d289-6ec9-8535c1b1e4ba,0.0
1dd03310-c765-31db-46d2-df21b78d1a99,0.0006911926654788658
1df458bc-9042-76fd-6e94-a581ca0d3815,0.0
1e48bc55-3b41-9579-1d59-10379287e495,0.0
1e4f199c-363b-451b-a164-f94571075ee5,0.0265947471557536
1e5d6ef2-3ccf-92ec-26da-7d9a8e297c53,0.0002807223170028954
1e6aa2f0-0ad7-fa14-f4c4-818db71322ea,0.003446413169667505
1ea8882b-a592-7078-882b-b62c3b24c5cb,0.0
1eab62d2-15d9-0db7-930f-2aa77d4688e1,0.0013811915612418784
1ec59bb4-fec5-4534-42b4-156e9088d3f3,0.0
1ef26f68-7ecb-5e81-0a00-1c69a5094d56,0.0
1f04c5e0-d054-46f5-bd95-985d7b97781b,0.0
1f1730a3-62d2-d71c-6e15-e4c7f97df572,0.0
1f1c8531-93fd-41fb-8940-91e133fbb916,0.0
1f2d7988-b461-f905-b8ab-c9a773063bd7,0.029591499249177054
1f3bca1f-6d6b-00ea-4ec9-c4f46849448c,0.001971380733284022
1f524ab8-16c4-4371-a755-ff6f90aca0d0,0.0
1f5c4762-8a39-7638-d675-0f2d93f52327,0.0
1fb001e3-9a92-d561-714b-8dc27ce1e62b,0.0052893028602585814
1fbe21c8-9a3e-7694-463f-1f4a0445bd21,0.0
1fd3565e-87c2-a9cf-e3bb-3313e06ebc56,0.0006911926654788658
1fe3a91c-1f94-fecb-3774-b45618c9e4fa,0.0011008775263574712
1ffcc0d3-3223-d1a7-3bc2-702306cad24c,0.0
200c9189-b5a5-3e8c-6978-cc067713c3db,0.0
20135206-96eb-8be0-9ac4-670b257e532c,0.0057382663209869615
201c96b5-2e4b-fc84-7de1-383d3717d404,0.002907362558918244
203bd79f-2eb6-b5b4-73a2-1713ab34e17c,0.00045826836317903303
2046a37c-b7ce-1240-4ec7-da6b53a97f6f,0.0
208b7446-9e92-fbbd-8e57-0983ec35cfd4,0.0
208f8efd-508e-4a4f-6c73-a386a278971e,0.0
208fca08-b131-9527-1033-4c433760531a,0.0006911926654788658
20ffa0e2-5c4d-9421-ab9a-200ee020f166,0.0
213d3bae-2219-7114-fa34-afd3b15ccf3a,0.0
213d8152-ef6b-d2f3-091a-220e153d9e17,0.0
21aba9e1-c904-1e77-ba53-985cadb20bd4,0.0
21fadd92-e006-eb11-6003-d9abd53c1076,0.0
221bb211-fe69-ef37-eb39-993843276430,0.0
225c8e45-1531-d383-4e72-4347116bd933,0.0
22875f87-0660-82e3-330f-01b7853e99f9,0.0006911926654788658
22a71d4b-0a7a-a681-e167-5066a271c933,0.0
22eb4436-d7e0-088a-843b-ca335fef1633,0.0
22eef412-8f8c-2d0b-a80f-1e7936f0399c,0.014059251877114643
2310deb9-89dd-4d70-562b-8ac99c125217,0.0
2324bb91-7955-4d5d-3262-25ee7e46a95b,0.0
23344655-3737-fa7a-d79b-41851f0c3b75,0.004901276734179737
237d8fcb-627c-500b-b965-3cf3d589c820,0.0
237dc387-abf4-4f42-77c3-e77a16866fb2,0.0
237e7e36-ffe7-332b-a4e3-654c3583b55e,0.0
23bd5b6e-3f81-2b66-9f7e-d36340510594,0.0006911926654788658
23d72e41-090a-b079-4aba-0c4f7dc052d5,0.0
23ebf054-a5d8-486f-a51e-7a3644c1b1a8,0.0
2470f3d8-faa2-974d-00c1-900d04cc398b,0.0
247bd86e-a384-b43b-fb47-0819ce6365f9,0.0
24997205-6db6-8cb6-eb47-9f38040cd790,0.0
24dcbabe-08b4-1d61-95ef-74cf6481f1c4,0.0
25143d61-96c3-4bdd-8aee-16ea90d16899,0.0048237811809759825
25630a5f-5219-a6e5-11cb-04e8c74e02ee,0.0
258972b9-2834-f6a7-7da6-08f51a8e5fbf,0.002064860150500794
25a4f0b2-8cd8-4fb9-3c0d-b7d14185087f,0.0024060396772044015
25d6cf82-8209-f7e6-90e9-db7a77237e11,0.0
26076d53-b40d-cb83-9887-07e5a91e1906,0.0
262dfebb-0d34-ee1f-d31e-f281838f8d14,0.004816860803466707
263892f5-798a-f270-15e2-e179b99cb6f9,0.0
26562531-b1b2-ddf7-10c8-0c01e4617e25,0.0
2697c19f-08cf-00dc-8d34-75bc584f4e59,0.0
269fb558-6dab-3525-c28c-f6c1bb2f9687,0.0027593986981941246
26bcf130-4aa8-a3b3-3571-1b8f13143370,0.0
26cc9bed-5a3a-6aa2-6043-1cb221cbeb9c,0.0
26eda6dc-69b2-d8fa-8239-494d62ac75cd,0.0
274450d3-4ee4-43c3-d2ae-f1f4729bde0c,0.0
2758f7e5-2afd-16da-beb3-0745627f87e1,0.0
277848a4-ca4d-678c-df79-5bc944181b35,0.0
27d93feb-18cc-29f9-2991-f478b42a3577,0.000255333010367527
27e836b8-1af0-5725-276a-cc2d323c647a,0.0
280fe68e-7cb8-946d-089c-054cf046f0e4,0.0
284c03bb-ce1e-302f-252d-9c34def6b140,0.0
28574b9e-ccbc-2bf8-5a62-59bf8c8eebd2,0.0
287f574c-af44-00c0-9935-edd4ca6a52a1,0.0
28b8cc35-1220-14a7-3fe6-a6c39b35f2b9,5.968848579264816e-07
28c0d91f-89d1-5e5c-1a77-e2f1a276f084,0.0006911926654788658
28d1793e-bfdd-0662-2bea-582292c9b046,0.0
290cfe1c-965b-9a01-de19-242b712d93b7,0.0
29354954-3ebe-3d88-7fe2-c27c4ab38ff9,0.0
29450141-17b3-6412-5bba-5c9a1e57b89c,0.0
29849eb2-5367-1cef-685e-4d4f444bd4de,0.0013811915612418784
29c8714b-ee43-49ea-be8b-469f0b0dd04d,0.0
29c943e0-e915-c7ac-7e1e-d4c17e07415f,0.005500293965792528
29cc430b-aa60-6f52-a62f-34805e3b848f,0.0
2a0f1af6-c8f0-f9cb-dc5f-82abb1283810,0.0
2a5902e2-8ba2-6f02-6b05-6b6e96091d79,0.0022119473729082014
2a9226f3-2552-7cc2-cac8-8ccaf9c75959,0.017450809424197706
2a965f7f-8c77-bb7a-cb05-71c91988d1dd,0.0
2a9c17cf-1e64-4a0f-65a2-5d9ee8ca7315,5.968848579264816e-07
2aade326-52ea-919f-6dc4-cef399bdf721,0.0
2ab62f32-2ccf-22c2-b48a-3c3194923424,0.0
2b03a6cd-f28c-d9a9-62d4-b5579f476cf3,0.0
2b3a4c83-0323-f4b8-c05d-aea644c9f640,0.0
2b5bdd7c-955e-a888-2fff-18d7e93908ba,0.0
2b76e227-6f8d-1a90-a86a-fdb291245333,0.00037394154670519926
2b8e5af3-c80b-210d-bc7b-ea8b56a2a129,0.0
2bb82d96-8a5d-3b85-acc1-8aceab42ff1e,0.0
2c46049d-baf5-af92-7ab8-0d121fe83068,0.0
2c797ad4-f39f-4fce-b3b1-7449b15a7f9a,0.0
2c94c36f-abfb-414a-d72f-a264f567e44e,0.0
2cf959bb-85c0-9896-c5c3-484be4648e5f,0.0019498575302279604
2cfe46cc-8fab-be71-e75d-279342fbbfb7,0.0026424302145700435
2d045ec7-4b5f-b19e-32a8-e256ee8b86e6,0.015196587047314525
2d0a5bf0-e53e-9a07-2243-9bcd561421ec,4.822958757924885e-05
2d9b4e7c-9c2e-b138-2ba9-000d375bb137,0.0
2da535a7-e1c8-af0c-8e38-dc26984d7d5b,0.0
2e000536-e4ee-2932-c109-40d6f190e8be,0.0
2e0a13f0-2eea-435e-380b-6490337e8a02,0.007911100967060236
2e11efc3-d563-d6db-a44e-5c780636ffe8,0.0
2e294d32-67cb-0976-93ef-52bf19ca011c,0.0
2e7197bb-f4bb-4f60-865e-6e955aa98823,0.0
2e81f965-f14d-1c90-3c7e-a42f18f0190a,0.001381788446099805
2e84511d-f0e6-3858-5c83-3691e2640fe4,0.0
2eadc665-593a-c934-5088-a7490b7aa47d,0.002891645806043424
2f560ef1-bc6c-35b4-7305-71fa6eb3351e,0.0
2f9b212a-d3aa-a8c2-6317-516127c8ba88,0.00364742794427153
2fb229a2-57f8-b268-0a3b-99634537ee5d,0.008581607494998018
3013ca7d-b8b2-c60b-cee2-18a628bd674d,0.0
3032b0a8-410a-5c0f-2475-bae838223279,0.0
30395baa-537e-1f4e-7f4b-93d68c8069af,0.0
305a82f5-4af3-1052-b5db-55c66575623f,0.0
30602f4b-9adf-1efa-a32f-5a74cb4945f9,0.0
306b1ace-315f-8f78-b4e5-6fbe8414db79,0.0
30932787-e375-c1e0-dc29-ca1f1477c101,0.0
30a65025-9ed5-fdc7-63c8-c0965c68a667,0.00229991025052042
30a67687-840c-3ab9-1582-0eceb5b1d181,0.0
30b3efdf-6024-804d-ea55-c4d1a8dfc86c,0.011110100139504125
30bcdd65-41ce-122b-8ef3-52a187ed4bf9,0.0
30ca232b-66ae-4d36-b093-4c5ba12f8da0,0.0
30d2cfee-02ae-ba3a-7f0d-efa07afaee01,0.0
30f43b09-2342-41ea-9e3b-f8ecb521f549,0.0
30feac3f-f17a-ab43-dc6b-ada96901be26,0.0
3102aa35-0aa8-799c-4651-755641da152c,0.0
3111dda9-18d2-926a-597d-7d3a5b3b343a,0.0
313f8a67-ec94-ea8b-96a7-d88a75f9e636,0.0
315e1e59-3784-ab73-9c4a-447d2616ae82,0.0015830460577354348
317f873b-8bcc-aa58-46b8-a088d20df865,0.0
31a1836c-3854-24b7-1842-922f070789eb,0.0
31bb0624-d223-ef6b-45d2-0ea1cd6b560b,0.0
31bf71d9-1306-5fc8-cf49-7471e71eab40,0.0
31f423fa-9835-90aa-fee2-47082c7f27c7,0.0
320d417b-e432-1fec-56c1-c141787a1195,0.0
322c2ee3-1190-3e04-8b55-c54cc62c1f00,0.0
32acdc69-d13c-b2b1-fdde-e4ace29503fe,0.0
332fb8ec-1c83-62ec-64f5-0d050c3d53ad,0.0
34079d8d-e15b-3a6e-00cf-26db1b890ea8,0.0
341767c5-13ed-56e3-9dc1-41eb933284af,0.0
3433930c-be6e-6398-abc5-39f338b41629,0.0
346d72fa-85c8-dade-4bd8-a89a24df9dcf,0.0
34a791de-8bf3-e03f-6fde-71fa5d73b180,0.0
34d765d3-7468-402e-93e6-ab11e29b8718,0.0
35145322-a9d8-2373-36b2-87dbf3977229,0.0
35206282-41c6-e806-ba35-cc9e9817c75a,0.0
35443daf-7771-d36c-433a-239f08bb570d,0.0
3575963c-3fc6-b287-96a3-980bf73fbe6c,0.0
35d00e9b-ab0a-8436-d3d0-31c4145134e6,0.0
35d8e34d-846a-52d7-b3e1-5d5cbb901d79,0.0
35daca65-1eed-1012-04e6-c0e51638e290,0.0
35eee95f-db61-6ab6-b379-9b016b6dff46,0.0
35fc96f0-562c-5fa3-a567-3d6d40bba44b,0.0
367674fd-87f7-8c16-8a5d-ce2549d584e6,0.0
36b376ab-8bfa-8cd4-3974-84761e11651f,0.0
36ce93e6-1480-0f91-ef52-5a45a0cf0819,0.0
36f9082d-7eaa-7f31-e44c-d6d641c27223,0.0
37390e69-4bfa-a27f-d64d-7aa41a10cefc,0.0
37605b20-3338-573f-8233-52665919df3a,0.0
37b0c8cd-b50d-252b-852c-a50b4c57532f,0.0
37e859fd-a866-f0f2-284d-f941821f59fa,0.0006911926654788658
38050128-9e20-92d5-87b9-5c5848372aba,0.0
3815dc59-2147-b193-1cf7-f6c43e746ef0,0.0
381d3f40-801f-118a-7c5e-e541283d22a1,0.0
383b603d-025e-b7b5-82f8-0e37c207fdc7,0.0
38654c89-328f-0ee9-b5ae-c021388ea163,0.0008135200994070561
38925aa8-2708-e12c-4751-606c3e1aab6e,0.0
38b90378-0524-6470-a414-1628e03311a9,8.356388010970743e-06
390a1e5c-bb28-0ba4-74a5-cb826e350d01,0.0
392fdecd-e8fb-2391-e13b-980bfa6c818f,0.0
393a50c8-102c-5fb0-0c75-f88756e297d8,0.0007658717034021901
393f8422-1c67-7ece-c4e6-66ebec551916,0.0
39694de3-d982-45fb-dea4-abbff072e927,0.0
3969a10b-d957-5551-5a49-1c42315b44d6,0.0
396eafb7-5215-f3d6-74ef-f12b755da684,0.0
397845f1-40de-d4f2-8ce8-c0f44161a708,0.0
3979e709-facd-f0f5-adcf-c3131b424305,0.0
3992e7b5-f091-2461-84ff-e55c37c2f0ad,0.0
39d14f19-e698-cfeb-3251-28bb6d9ea934,0.00045453221437628507
3a28369d-2376-4220-a540-ac527948125e,0.0
3a35f348-a07f-5b03-2db3-4cdb4574c3aa,0.0
3a4f0bac-b368-7410-e814-6af1a425d987,0.0
3a7272dc-af88-8247-ee5b-ec7dba0fe76a,0.0
3a7638f6-a77e-cd58-283b-ee96cab203a0,0.0
3afb8ef5-2b6c-7788-7b38-53ecbb89d72e,0.0
3b054c51-1964-94c7-6c12-12f3cede17f3,0.0
3b3ef5c1-990e-d727-3eae-8b49e95e77b5,0.0
3b5ae607-1a55-2a6f-5da2-395a2f52e3d8,0.0
3b6ffdbf-840d-b105-f4cc-07f73d1ac1a4,0.0
3b896f9c-bdd8-55e4-f120-6dc0c2e41c1e,0.0022004350596693577
3bb37fcf-cad9-8f43-0cc1-eef86f009139,0.0
3c587fd9-461e-c88c-3616-736efb1290ef,0.0
3c5a6f2b-7d46-957f-55f9-e2f3d5222a14,0.0006911926654788658
3c820f43-8143-a66e-9522-30a07ada126d,0.0
3ccec623-3f61-e513-5ed2-73e1b647a549,0.0
3ceb7576-6484-6dca-41a0-72d0ceb2a38f,0.0
3d1ea5df-67cb-20f7-7312-c61bd37af2c5,0.0
3d5da753-27a5-fe09-3817-573b35e2129f,0.0
3dec915f-7fdf-a5a9-680d-aa34209ed258,0.0009436223887753537
3e232510-e3b9-db37-de1f-cd85a52c5707,0.0
3e4552b4-3f0f-8019-29cc-5f69e0f2a565,0.0
3e4f2c12-79ea-c8a1-9a56-68f280702d72,0.0033727452808480786
3e613d3a-d4e8-ec13-a76e-023224ed0229,0.000962948943950672
3e683191-c38b-5166-9ae3-8bfc3b975859,0.00019169483214569102
3e6d52af-cd5c-9ff2-0abb-adb23253decf,0.0
3e7340fc-94aa-b65c-5cf5-afe1a96c74ad,0.001381788446099805
3e8bcaae-ac28-64e3-a43d-70862956a656,0.0
3ea02408-d748-3fc3-655e-b0b073396b72,0.0
3ea5b580-18d8-c1c5-f70a-70580065e35f,0.0
3eae151d-c4b2-9a66-45a7-0dd77cdc3ab1,0.0006911926654788658
3eb9d040-1487-8d0e-4db8-72ec93ce32a5,0.0017775784005872133
3ef02c7a-5c52-499e-cd31-69bffe8aa7a6,0.0
3f2b5885-4257-0d74-f05a-7b9a89bf77f7,0.0013811915612418784
3f2d4248-0eb0-dbaf-125e-20f5fab3bbc0,0.0
3fc74954-9e16-90b2-e47d-3858ae66884f,0.0024827666271911874
3fddec04-3af4-4025-503c-dded57fab05b,0.013688938634427312
405eef5c-6949-adc0-9480-bd29cada2268,0.0
409b8e1b-4ca6-2be1-60cb-631f95a88cf1,1.790654573779445e-06
41720f6f-aa97-d98e-ce1f-8597c1773e4a,0.017417411755386986
42052458-f249-e1d7-874c-38c667a54105,0.0
420afb30-906a-3282-8b9c-8c4f87240d5c,0.001011003233435432
42244359-7e82-78f5-2dd6-ce00c950a550,0.0
4240d952-a931-accc-411a-2e8e2c20936c,0.0
4273d16f-0893-3300-8352-59a7126f06fc,0.0034482038242412845
4298647b-9b26-a3bd-bd7b-47ac98730e14,0.0
42fb5393-506c-e7f4-27fb-81c2f9c66c46,0.0
4316e23d-1ff3-27c3-c7be-3b1e384a19e3,0.0
431b6487-168b-8f22-d83d-e4b221c35462,0.0
43387f4d-b6d3-9efc-33cb-053b27ea2e85,0.0
435378dd-b46f-c188-aa0f-dde0defde40d,0.0
440cca37-786e-6808-1085-b5524c33e875,1.1937697158529633e-06
440debc8-a877-d645-0bf4-024eba43b20e,0.0
44586ae3-0331-2a5d-f287-288c62388943,0.0
445f0692-e2dc-43ec-88f0-9a8f11e4fbab,0.0
44fe936a-cf01-4813-be6d-4942eb8cc320,0.0
4511875b-74bf-3baf-c13f-4c9ab567844c,0.0
4522b60d-0b04-827e-2b6c-6eaf236cf636,0.0020954539809529093
45265fcc-cfbb-26a5-a262-ce7e886271df,0.0
4540d1de-b481-f18a-b338-9cbe469bcb8c,0.0
455be864-c96e-a360-da57-afd9384fe563,0.0
45628472-32f1-abeb-d88f-1da314a2a2d4,0.0
459e8095-b488-6a22-0e93-bb13568a47ba,0.0013886118401044934
45b68104-885b-c3c0-8f1b-03899335cfe4,0.0
45df3e90-1e51-4e97-dd5d-10c366694b3e,0.0
45e38f13-2909-4cba-4edf-70eeb1b046a8,0.0
45f959a8-f577-c0f7-084a-d1d227de6f35,0.0006911926654788658
462fbd8d-7c58-73c7-e230-78d773c7dd1f,0.0010527163925507092
46e6510c-a229-d1aa-f4a3-a748e480a094,0.0
46e8888f-9880-12cf-8d47-a8f6b0d80204,0.00011541461679631746
46f70378-97ea-a296-95a2-dd38004ad050,0.0
47101440-b8b7-0641-9d2e-c7de0a48d07d,0.0006911926654788658
4713af47-bc16-8d53-813a-6b5e90b4880c,0.0
472a844c-3b2c-41af-a9ba-fb4873efe4f5,0.0
47408d98-567d-d63c-3422-6f66e8a67630,0.0
4791bb73-2eff-bd6f-bdcd-232f7d2ed445,0.002809736468144475
47b84763-9727-7cdf-b194-2742e3963147,0.0013811915612418784
47b9bee1-e641-5600-6c7e-9772bd339be4,0.001381788446099805
47d7a8f7-e70d-5e10-a0c5-0d6344a81a6b,0.0
47e1fff1-b9da-5901-dea2-124087ef1ba3,5.968848579264816e-07
4818f0ac-18be-cb13-6682-d3f26d2d637a,0.0
485230fb-102f-9f13-9bfa-3d25131fea2c,0.0007458193659232794
4880de72-bf50-96cf-1b09-e46a3087b5a9,0.0
488184ab-0da7-822e-5ffb-3c6274b2fc47,0.0
48868f47-b8a5-6aa5-97c3-765110a40930,0.0
488ba65e-9484-e3f1-b244-ee563ed04092,0.0
489f6995-07fb-0742-0049-4ad853085b87,0.0
48a8e701-72df-de31-8549-d2824e804863,0.0
48aee774-50e4-4440-8e19-db60706e071f,0.0
48d05d9a-b596-56eb-32aa-ce79149b509f,0.0
496797c0-beae-2b87-e50b-90f329cdab54,0.0
498224b4-8376-3ad5-f324-8cac28d7145e,0.0
498b06d0-2926-4511-94ed-246163da9a86,0.0
499b20e9-2484-6647-ffdd-a93392196236,0.0
49b50af6-fa42-f9f7-8070-bbd44caa6211,0.0
49c618b1-8d9c-d003-bfb1-c4c56e73e9eb,0.0
49e46b63-08e8-a624-4f89-6f9e7cb8ce89,0.0
49e743c4-34d6-94e6-4fc1-239079322dd8,0.0
49eda58e-99ed-1f8d-4b58-8c2803b24184,0.0
4a0db8c8-3430-48d4-1df3-0acacc535628,0.0
4a215fe2-25ec-3e1d-f2fe-2768b425e5e8,0.0
4a268ea6-5d91-c6dd-becc-135e70121748,0.0
4a7e0b31-cb66-81a4-4f7c-3d8e35acffaf,0.0
4a9f3cd0-648a-4fae-fd16-e45dfbfae122,0.0
4ab1b039-d9ce-f96a-06e7-f737e37eee08,0.002757608043620345
4ab6df4d-353f-2208-5029-cc93778aaf37,0.0
4b0e6b76-e58a-c010-f690-f7996ba1ffaf,0.0
4b1db5cc-229f-b6bb-3522-28ef091ac27a,0.0
4b79922b-e00e-492c-8724-1c8c4799b953,0.0
4b7f49ee-d96f-9f16-199c-f3602f51ff1b,0.00020414675453795015
4bb6f148-7c15-e117-8ee5-7830c49768d5,0.0
4beb6f32-f931-53c2-b328-deb00e4aa6e0,0.0
4bed1804-d16a-2b1b-91f5-bd71006282e3,0.0
4bf98902-1be1-93c1-96b0-835820cbbe67,0.0
4c1df8bc-0ca2-1c06-2be1-0d7a646a75e8,0.0
4c2c4d5f-6f75-521e-853a-22e204d2ab04,0.0
4c355d8e-e91c-4076-c64c-b403a8efc292,0.0
4c3f151e-9c1d-d4fb-85b4-af7947565103,0.0006911926654788658
4c47d6cd-b051-d346-e481-b6dbeffc1659,0.0
4c715e73-4407-95fa-7893-78f83cbed56f,0.0
4c84aabe-d741-f20b-fdb7-4f99686b3eba,0.0
4c942c9c-88f1-65fc-0caf-ea1566d06ef7,0.0
4c9c7b1d-2930-3996-0b6b-deea89ca8978,0.0006911926654788658
4cfe1fe6-aa15-57e9-aa4d-19b9af67d20d,0.0
4d20a60c-4fd5-0228-1920-897081c6c18d,0.0
4d2a2b3a-1bb0-fb6f-e1f4-be68a5639998,0.0
4d589284-bbb1-c178-8d14-58a2f0b9df77,0.0009256343864706355
4d5ccd0e-38e4-0537-1adf-b332a73e5ebe,0.00027060400581728066
4d760653-e5d8-9dda-7a49-b4921fe18f19,1.2789198209899334e-05
4dadeec3-cb57-a1a4-df1d-8eaa95f53455,0.0
4dbfae1b-a3b0-e736-ef35-7534ca8ddd81,0.0
4dc987a9-a1a6-a94c-4256-69c130cb9b9a,0.0003038717275403915
4dd0b14e-3251-1e2f-48f9-57c450a599ee,0.0
4e3f5c93-f7af-fa51-0249-3e2614b4c330,5.968848579264816e-07
4e47056d-703f-95b0-e98f-b96137d8def6,0.0014735722449683282
4e59ca8d-3b55-1260-91cf-d842238f9eb8,0.0
4e5f110a-29cf-e953-be94-103282faf4c3,0.0
4e68917c-12c2-78c2-2249-33be34ba630f,0.0
4e71b25f-f4ad-a57d-0882-e4bbf72df8e0,0.0
4e72bac1-e5ba-731e-995d-8da054bdee3b,0.0012051805776172903
4eac17e5-cec1-d5c3-dc4c-1ab5e2213c4a,0.0
4ec24815-feae-415e-98b6-c8de7854b253,0.0
4efc823a-1919-55fb-9b69-396e62f76097,0.0
4f20d72c-a7c7-b8a7-1294-807f720617d1,0.0
4f3d3912-3989-8f18-23c9-1217cd35c4e9,0.0
4f9f31eb-c970-4c16-4488-ddf9ad5af9b0,0.0020297740054185808
4fae4543-f47c-f737-3ff4-c6f0e6fb2022,0.0
5000e743-1bde-be76-111c-6a8e3d31307b,0.0
5027e097-164f-e463-4808-6a2a1a1f8448,0.0
503e9c0b-6532-bfcd-4dca-2d4832b68bd2,0.0
505c01b3-e644-bc23-bbe2-3f4a5a796210,0.0
5087a047-80c5-4aa3-dfdf-30dd8ac88b5e,0.0017630610682706608
50c8a611-49e5-e497-69e2-02402d6f2bcd,0.0
50f25ca0-65a7-f98c-5610-a403fbf6ee8c,0.0
5104fecf-de9f-12c3-6397-3a463f8e7d02,0.0
51a56009-f691-45cd-b67f-10a2c2ed2256,0.0
51ca4f99-1bad-aa33-db6b-598e633ef930,0.0
520e7fc0-98d2-5ae2-6505-be23b1ad61a0,0.0
5215cdb6-6949-a79a-3fec-e7171db24254,0.0
5222ef21-b730-2b5d-5295-7eabe31366f1,0.0
523165eb-3a3e-33b5-22b6-90e5c0b1b592,0.0
523e1c22-92f6-75cf-c722-f864779f919d,0.0
525dec16-4095-86b0-bb2e-356530174c3c,0.0
52a5a39a-2678-6430-b0c7-a0598508a6ed,0.0
52e0322d-5e37-8ca5-9baf-93e0e02fb5a7,0.0
52e7e4e0-7743-a62b-0c64-aff1ef17ee71,0.0015500003932055408
52f4bdc1-5c4a-2ccd-837d-133a0a578cda,0.0
530da069-0b2e-4293-630e-7f0020b16269,0.0012558471943837786
5333fe3e-155e-4a8a-8b6f-c24ec028a40c,0.0
53647d7c-095e-2ec8-cccb-763d9c6e121d,0.0
537042fb-89a4-51dd-6bdf-2f8dfaf9967e,0.0
539c8b98-b1bc-885e-a162-91b671a19778,0.0
53aa1e0f-ceb9-6bb5-97f8-2758dabc9f25,0.0
53ab538b-920e-8e9c-f041-69c2dec3c822,0.0
53fe0a1b-e20d-0371-f9e5-ecddcd853b0c,0.001381788446099805
5407c78a-664b-4c23-fe89-a78507bf5fd4,0.0
54094ef4-c50e-77b9-1cdb-6ebbdb323d17,0.0
540b109e-6a0e-1cbb-7d0c-da37849532d6,0.0
54215a50-26f0-7f05-83a9-9830cf708a3c,0.0006911926654788658
549d3b74-d8f8-5461-2473-d7dfadc157af,0.0
54d5cebf-2c80-f7e2-7aff-47e467f70773,0.0
55029817-8d46-072e-3ae1-d845aaa33435,0.0
55198457-1db7-4c66-9f92-c86f92dacdd6,0.0
552ec774-7f34-db95-a5ba-c22562a30c64,0.0
5547bede-8593-8e76-2b1a-680408674be4,0.0
55c12827-cff2-e8f7-2631-b70602a5ba4a,0.0
55f78856-9d0d-782c-d019-d687fe9e3bc2,0.0
55fce8a2-bfd1-fbaf-0708-6a05a12ceddc,0.00031636830303469047
55fe5f77-b24f-b7d6-e6ac-96d660b04f19,0.0
560d99ea-3383-7c87-b475-a3056cdbe088,0.0
566a9a79-aacf-caba-5850-688127fba530,8.356388010970743e-06
568b48b2-3f1e-4bd9-6921-b6d2e712fd20,0.039454422272377686
5694fe70-18e3-ed37-b526-5520462d7522,0.0
56a7af55-b388-b19d-4f67-93d1e072b31f,0.0
574ef3e5-3252-2f03-4670-19569e5f844b,0.0020711904570048915
57b45512-c850-406b-7ff2-1173a2ac9dac,0.0
57c61542-59df-4587-92bc-329bcc8ed592,0.0
57f3e74e-b777-48c7-2a50-9a274b9275a7,0.0
57fc850b-7f63-847f-180e-57391cd55963,0.0
58197276-295b-4c4c-3f27-b3720208b942,0.0
581d9dfd-ba2a-c5aa-1733-8e86e3e71142,0.0
58275a26-ebb6-ce8b-ecb9-e1366c8c1d18,0.0
5831bd5d-4edd-0137-6146-4d83d4de5d19,0.0
5835d50f-decf-6532-54a0-e85bd1b02149,0.0
586fc979-916a-1d88-f928-61d659d01934,0.0
58752d38-6ec3-44c8-a00b-5ba3590d851d,0.0
58923f75-7902-11ce-a1bc-ecd96c42e51a,0.003296914615828865
589f4f62-7bbe-a775-c011-66ba33f79a0f,0.0
58b21ff3-f198-ac9f-82bf-6d40f03d973c,0.0
58e8bef3-dfcb-eec0-3424-fcd921c6fcde,0.0067760767739844996
59005f4e-129b-e7dd-75ce-8d13c77cde21,0.008205855466650015
59120da1-7b24-ecba-412f-597ba5af5c7c,0.0
5919c1b6-2fdd-bb79-a4d8-24556417d44f,7.600997062994898e-05
5930cd5e-55eb-8c0a-3733-812b63cd907d,0.0
5941df0f-3812-ab99-6645-db0e17588815,0.0
594436cc-3cae-35dc-8195-58046444deb1,0.0
594fda51-4332-ef06-b0de-6dd8b9a37324,0.005222587930280742
595f58e9-62a9-4ac3-ee7e-751ca1d9b107,0.0
5963297d-d4ee-e62f-fab8-8fd952420de5,0.0
5969c7a4-d95e-0352-54df-39d27baf28cb,0.001381788446099805
597a8898-3903-9010-4f83-2e89d1fa7b48,0.0
5986fcd0-4825-291e-2500-118ba08f69c9,0.0
59a4df37-40c1-f7d5-a24c-f225be81459b,0.0
59b7688c-0df2-df63-2ad1-b67bfb092879,0.000739640263684278
59c5fbb6-7120-1416-e77f-56b574319d06,0.0
59facc40-23c8-2f13-6839-910d4b479b29,0.0
5a11d11a-392a-f65d-4b05-bd06c5bd587e,0.0
5a1496f1-0f26-d0e0-9815-d378750011e4,0.0
5a6207e2-b868-9f41-5178-8d51d2c40a93,0.0
5a69f43b-69e6-acfb-6d1b-bdc8d370fd1a,0.0
5a738028-b89f-9697-c805-b0d4ff820fdf,0.0
5a7fc43b-7ffd-b6e6-7b10-629defcdcde4,0.0
5a80638f-1e6e-bf9b-4605-a7f81e092a4e,0.0
5a939b5f-1a6e-bb78-c026-1a80b423e767,0.0
5aac0ee4-4e4d-e8eb-ca2c-1186188c65fc,0.0006911926654788658
5b13c448-cfee-36e9-768f-067b0d37d22a,0.0
5b1d987a-a8a6-3c6b-0273-389bdc0f0417,0.0
5b3b783b-decb-a726-5901-42ac64bec4da,0.005946514969518726
5b81bfd2-f24c-59b6-e4c2-56afbc36df11,0.0
5b84ba94-655b-3231-1c7d-6ebb0fe69cc4,0.0
5bdafa57-be73-f933-c1c0-e3ca7cfe0dd1,0.0
5beaffa1-f9e2-a48c-19e4-b15cfbe8c758,0.0
5c28146e-fa00-568b-fcd2-9c65c9a169a1,3.890424774805502e-05
5c2cf993-21ed-a94f-6017-a51e2e6ab7be,0.0006911926654788658
5ca7ba70-c6fc-382e-cd84-28d751822b78,0.0
5cd77506-28ed-4ee0-4be6-f5554cfa6a32,0.0
5d3ae26d-1b8d-c784-5114-c73af4e677b6,0.0
5d6ed201-f032-68af-b422-7e7c68129485,0.0006911926654788659
5d711469-1dbb-3bbd-8a2d-3b6d16b14c1e,0.0
5d877930-1f92-d1e0-8c03-fa2bf856c5f4,0.0
5d910027-649d-c49c-2aa0-863ddc47183f,0.03230978664873219
5d91e8ad-4c81-6991-4811-97e2a5dc6881,0.0
5e15a44c-c40a-2c3a-55d3-28203c224509,0.0
5e645e6c-d435-fd14-f82f-efa7a300cc86,0.0037370169617534526
5e8eb2c3-17af-8b41-00e4-af1e61531bc5,0.0
5e986b54-a7d4-2acb-2eb5-d2f9212bf3fb,0.0
5f1011f1-c638-d95d-a658-94ec1c658a49,0.00277985557014306
5f31193e-ab46-0a8b-cdbf-8325fa74f690,0.0
5f84d9fa-78fd-14b0-d335-5ac3561cdc0a,0.0
5f925443-76dd-45a7-ee03-6438425b64e1,0.0006911926654788658
5fbfe133-fbba-cae2-331b-defb9adc7c88,0.0
60276aed-d3d3-8f1d-acc5-25bed3c6f729,0.0
60392328-555a-4f4d-503e-01cadf56d86c,0.0
605acb84-829b-4f62-a3f8-63b88a8ccee1,0.0
6062a2c6-e548-9bee-51a3-7ab5bcade0bb,0.0
60925f9f-e851-8691-ddfd-84cbb425a138,0.0
60968f0b-576f-9efc-07fa-f6893d8e7ed0,0.01318734900805356
60a3545b-2812-db62-26f1-1514ccae76eb,0.0
60c14dcb-789b-edd0-1f68-8a10f02bc9fa,0.0
60f29c50-869a-4011-23b4-a028e4d66cc3,0.0
60f447e3-5742-7384-a2b9-6e679deded6b,0.0
612f0d63-d8bf-2a7e-f98f-de8853293d6e,0.0
6161dd68-1ef7-1814-a870-c34dda1027df,0.0
616b0c20-d754-4d20-9278-7e3eda3b9b4d,0.0
61cabb85-fa79-88cd-31bb-69f8ccc3b04c,0.0001900227157637218
62199ae4-a565-1581-4aaf-892680e8d2be,0.0
62a144d3-60f1-4319-ea18-9149ee215ef1,0.00015453840673801926
62e5aca5-25e4-4739-a14f-2b05ee68dd0d,0.0
62fb09d1-0c44-8ec8-2773-acf683ab7fd1,0.01108595523485115
63062f86-15ec-1650-c76c-c80e05bf2926,0.0006911926654788658
630773ca-bbdf-bb41-2985-41a23ffdd01a,0.0048204421126142654
634d8750-81ab-407e-00e4-7dc4ac8d36ed,0.0
635faf90-aad0-ac26-02c7-ffb73f754e70,0.0
63a86dc9-71a9-b767-4feb-fb8019d46131,0.0
63e4b920-78c1-ead7-56c5-dd39e54bd11f,0.0
63fba87a-7ed8-b0f2-3ded-f4750a337aa3,0.0
648f3fa0-404d-4f00-a769-b6164c84eacb,0.0
6493e23c-68ff-12fe-e13d-5b13460568a4,0.0
64a27b10-4474-97e0-8832-31e9efb9d2b6,0.0
64d6274a-0e82-8a76-1166-2303611d9c9e,0.0
64de3f57-80c2-8e91-ef24-fbf706054609,0.0
651f96f5-5663-c329-09c5-8b4536601941,0.0
6521d9ea-5bbf-113c-8ea7-db4990c591b9,0.0
657842c8-75c6-ae77-d3a7-7b06c02e4ac7,0.0
658c6da5-2316-2f77-0edc-5b2588e1b2e7,0.0
6599f877-7c83-0c47-b05b-dbedd3db7b3a,0.036697595236231464
659f4253-c45a-c5ff-50e4-bb87c1d3176d,0.0
65e59b68-f5a3-557e-202b-0e30ad5197e5,0.0
65eb0c9f-e312-ec5b-b281-813ef1c522a0,0.0
65ed963a-fbef-d991-b841-d2d1f481503d,0.0007660207380762288
65fb148f-9051-a982-4697-185c675cc21b,0.00741181623313314
65fea1b7-82f7-e376-4089-ade76045e234,0.0
6601a7fd-3f42-e6f8-14af-bb10b50df42d,0.0
66146cb1-eafb-5d6f-0fd8-aee6cac42554,0.0041197629372890215
661e1d89-1d8e-e0db-6bde-8d0ad52ceb7b,0.0
66620c67-f7f0-8dc7-cfa7-a24d86a5eee1,0.002071787341862818
6678b207-ccdd-34ae-04a2-e0cc0257e2ca,0.00016178141868663048
6681b1b0-0cea-6a4a-820d-60b15793fa66,0.0
6693e593-0129-ea80-6b3a-71f886afb7e4,0.0
66b8e5a6-4194-b4e5-fc6d-11c47b200901,0.003986006713439769
66d6d19a-4852-0c21-0098-4080cb90d2ac,0.0
66f30d11-4a2f-0c20-e3e4-ad65bc229cda,0.0
6726452f-b96f-cc51-8b7d-fc4227533bb0,0.0
67792426-8aac-ae33-c270-38f539611742,0.0
6779b0d0-7400-cad7-c6a3-254dc01625b8,0.0
67879969-0612-1efc-a898-003051df5000,0.0
6796008d-4f6f-57ad-e461-f3bf86f186b9,0.0
67ec4f17-a99e-9c3c-49d2-323bda16da2f,0.0
68069d7a-9608-050d-90be-9fd3d3df34a2,0.0
6822df52-1fd6-4e37-ef56-fed4a03beed4,0.0006911926654788658
68370f17-e937-a792-b8bc-e086a11140ba,0.0
6856c854-6490-a21c-87c7-f95ff444ff4b,0.0
688714c0-2f71-ec48-90d9-e07f4d761411,0.0
688edb9b-b2e8-fb71-22ff-a25319aa31f8,0.0
689c8a82-9a1e-fd18-7a80-35d709d037ae,0.0006911926654788658
68dd3433-e24d-1885-e987-d769d8ab9b21,0.0
68fc2a88-8b88-46b3-a629-9f6ce642b252,0.0
690b1c8e-70a0-86f6-3d95-780edcae33c8,0.0019687415724183345
6917319b-eb9e-c90d-1372-e3c8ae4911cf,0.0
69966556-a593-c758-3771-78e9ed9a9566,0.0
699ebbd3-c084-5e0e-e1ca-1433335a8f6d,0.0073504998952157894
69ca677e-a412-c001-7136-25258deec8af,0.0006911926654788658
6a4304db-5f24-4206-5269-15622ecd1971,0.0
6ae9957a-8fb4-0ab1-73fa-dd547c4d3da4,0.0
6af17ecb-7534-4f22-9577-36c0f918a6d4,0.0
6b5f9bbc-4ee4-8397-c2e8-62117439576a,0.0
6b830a77-74ee-8c19-8c91-6c79680afef6,0.0
6b848c2a-a0c0-4beb-a860-3f4ac192e78d,0.0
6b89d00f-9652-9a0c-9ed1-c58268e948e9,0.0
6ba26ffa-0567-a948-99b1-1209bd41f0f8,0.0
6ba46c0e-88f3-66e3-227b-009eff0e9592,0.0
6bdf0d52-650c-db1b-0dc2-4ce465799a24,0.0
6c4bfb08-9587-d869-5cae-ed58d8304569,0.0006911926654788658
6cbbde58-0a6b-008c-f0cb-df8867e8ccfb,0.0
6cca2a58-6c3c-9abb-5380-6de702a56710,0.01084241794025162
6cdb47d8-1328-835c-d780-a0e25cae9eaa,0.0
6cddd3d4-7dd5-d1f4-32e3-6e8e31eb992b,0.0
6d0363b8-edcf-07d2-dc50-cc15adda3ede,1.790654573779445e-06
6d0dbe0d-154f-f5b6-8617-cf8f19353c0f,0.0
6d42a4ec-4ca9-66b8-2fc1-d27d5f0631b1,0.0014722530500315164
6d548b06-113f-cb16-2f9f-8874f48ab42d,0.0006911926654788658
6da8a4ef-8f63-1a11-228a-e9bb79de2cdd,0.0
6dbf45d3-13f8-0052-fb75-70cae81d6e69,0.0
6de4d2fc-ba61-5469-2f4b-05530355cf00,0.0
6e21eb6e-b350-6a83-dc2b-58ef6802192a,0.008297869319625253
6e2f186a-f81d-4cb6-c8c5-5bea8b676ed6,0.00037870260858099524
6e447252-5b41-f923-c2b0-de1ad4db55b7,0.0
6e51cc42-7ad0-01fb-3132-9bda0fec965d,0.00128548396712367
6ed30fea-35c6-c924-dfba-cdb3bd6fccbd,0.0
6ee2c8e8-a33d-988c-1866-16816f5c1c83,0.0
6f5addcd-9e59-fdfb-e57e-961b6dcb0d2b,0.0
6f6335f9-efe5-f7ec-da75-3990ff1ebd4d,0.0
6f8b787a-8cb0-4670-7446-128fb8649c8e,0.0
6fe814b9-053d-4f2f-8f61-f3328f0824ad,0.0
7003787a-ee72-bca7-d378-5cdd2093b770,0.0020711904570048915
70123643-2333-9612-0e10-ec1158e19d87,0.0
7015efc9-e998-6ef3-d2a5-aef2074331c7,0.0
703759b9-f32a-4198-9f2f-9ff3913862f9,0.0
704d35bf-7691-c423-2c23-15fb140854f4,0.0
7063d087-96b8-2cc1-ee88-c221288acc2a,0.02714990466326554
706dadef-12a6-cd9f-d8b3-7d29799f2cb8,0.0008101585297818244
706ed85c-b493-6f32-0703-b8a47aa8f43c,0.0
70c237f1-acb9-b46e-b7ef-dcc6d4c7ae9a,0.0
70ff971b-dc24-588f-fbdc-7c79737ca7ac,0.0
7103e064-eb56-1aeb-af09-2a4d53d03e16,0.0020711904570048915
711bc54c-d5b9-d121-550c-b521a2b86e0b,0.0
71213bcb-9569-a838-3d0b-e99ba6afe9cb,0.014763049104757812
71597048-9fe2-b71a-f5c3-6ca6eeaebc18,0.0
719ca527-906c-eecc-73c4-690707e8903a,0.0
71b118ff-4d99-5b90-24fd-3b2952bbbb9f,0.0006911926654788658
71ca7b32-b98c-194e-6924-beee2ccb94b4,0.002579548161621809
71e7a2c7-6682-caaf-e812-a3baf117e31c,0.0
71f576e7-205e-8518-d4bc-d99dc310eef8,0.0
71f73b9e-bef8-54f2-25ea-00338ce435dd,0.0
721a8731-e895-e7dc-cfa9-73621e974a3c,0.00023175858195214683
7246ffcc-4405-098e-e4a7-54016f94e20c,0.0013811915612418789
72a98ee0-de51-e869-a70a-1674c2b4b61f,0.0
72b04090-00fd-fb3b-100b-d960fb5c8165,0.0
72c3f670-2ee5-6b26-3023-f553e242b475,0.0
72dd9108-5645-60ec-de35-6c450ac5536d,0.0
72efbb67-8d70-f672-a97c-4bb26a862e9b,0.0
7300e89a-2e8e-23d3-3e9a-8f25b2a127f0,5.968848579264816e-07
730ba9ad-58bc-d956-670b-90a449f8c84b,0.0
730e2554-bacd-8ac2-d043-1ed8775bea94,0.0
731692c3-df71-f60e-1f4a-d80999f03ec0,0.0
736b39cc-18d7-7bf4-0513-28cccab41ad5,0.001944999302752573
73708513-51cd-b23e-5978-9ed66b8c81d1,0.0
738875f5-bacc-f940-a8f0-b339f0730166,0.0
738939cf-9adc-3e91-f35c-ebaca6838375,0.0
73adb512-bd10-e9f6-00f8-9e2319105dbe,0.0
73c71384-fa99-3114-8b18-a395bbdf7581,0.0
73ea210a-a9fb-0978-a1a7-cb4ea05c4eb1,0.0
7424d4f3-0a64-2c52-8116-8934729cd1e0,0.0
742b8973-7b12-e01c-085a-c613c54b25bc,0.0
743747e4-1813-35be-ed55-77f320b4f987,0.0
744f25a6-21f9-131d-a4d9-b1348664741e,0.0002883081423998082
7475db43-36a9-414d-f7a9-b92b78bae47b,0.0
74dd4df8-f613-c17c-b27f-300b71c9d9b7,0.0
74f2e7d5-412e-2305-ded9-946728a6502a,0.0
751b93d5-5643-307d-16ea-ceabd936ecfb,0.0013811915612418784
7535c280-975e-229b-0dfa-e3ece4d3eb10,0.0
7542e7b8-21ee-195f-5674-7fd2469a178b,0.0
755e2d4a-dac9-c763-283b-f71db3f5b956,0.0
756936c0-c335-f0ae-0a3d-fe26bdff5695,0.0024655426893086777
75904d1b-93f8-241b-e9a4-99312c721992,0.0
75c77cd1-a5d2-7eea-a15c-2374758a6947,0.0
75c7bf38-b4b0-6cf9-a0b4-0dbeafe354b7,0.0
76007938-2ec8-a38f-d982-4ef73cf0bda2,0.0
7643525c-2157-d3e7-39ac-372cbe75f4c9,0.0004147755236675986
764df2d7-79e2-c597-50c7-a1ef36e6ea61,0.0006911926654788658
767f11a2-9dc4-4162-858a-509813260702,0.0
76840dba-53af-4f94-225f-44ff2dd3786f,0.0
768d9c8d-366f-c1a0-1c72-0e923162268f,0.0
76b48da8-99d2-4e25-86f5-6d266c377242,0.0
76c64c78-7066-f7ab-72e8-3ba282be0a06,0.0
772ef852-4edf-c80f-1b9a-c3dbd9922935,0.0
774c3f14-1ca2-6d3c-d99f-2067019b6a8e,5.968848579264816e-07
775796c6-a56f-fa15-3988-79fe668641de,0.0
7760e5f4-46bb-a58f-8e85-2d01f6c3d134,0.0
77bd3cf1-7fe1-fbe2-fb3a-0fd3172188f2,0.0
77c09054-23e5-da64-b4fe-6e4b4ba8975a,0.0
77ddd382-eea6-6bd8-9b41-8c4504d90442,0.0
7865d3c5-f5dc-c410-81ad-ef2a4bdba38a,0.00024387256675552496
78840b98-95d6-555e-4e15-7dd2d07d7876,0.0
78b4ab2e-7045-0f95-44b5-4a9ef45a347a,5.968848579264816e-07
78b8a802-a5fb-429d-ea28-dd33252a8d3e,0.0
78e5923b-981f-362c-37ab-6741e42700fb,0.0
78ef009d-6a56-5dd0-b5e2-defb3abd16b5,0.0
79065b37-87be-7c0c-c73e-9ee2c58465bf,0.0
792105a6-aca5-6d9f-bb16-04b85f334d2b,0.0
79326537-e965-5e14-51ed-5b80ff311c97,0.0
7935c3d2-029e-7b3e-b635-4d5291f114f6,0.0006911926654788658
796e4250-e66a-1c7b-6ccf-5a4fbd3b1936,0.0
797bd29e-05a3-bf92-7bdf-16235be07a5f,3.920093099694176e-05
7996d230-751f-e509-50ba-94626c801b56,0.0006911926654788658
79cfa131-342d-62f5-01df-fbb168ed63c1,0.005369725053746176
79f07824-3359-a5a8-455f-fcae19f7af3a,0.0
79ff0cd7-b392-41e5-80df-870bb2b40d96,0.0
7a030ff8-6ae4-e7b1-5120-d9fb0f0a157a,0.0006911926654788658
7a0a24d4-7038-712f-587d-bef7e31f5c8a,0.0
7a3ecce5-2deb-f931-59ee-42f46912c1ff,0.0
7a79c9f0-ecd9-8e56-fcf7-74757d436c10,0.0
7ab70810-2cce-f3e8-0e39-d5d72d6f3e0e,0.0
7acd5019-e2f3-203e-2fdc-98859f6f3100,0.006177758279539085
7ad345ca-b855-1eba-7757-d1972f0a2195,0.0
7b7e520c-b096-b774-d6cc-6bd6fd202d4b,0.0
7bb2eee0-db08-0517-05e5-ef6bbd20d08d,0.0
7bef182e-9145-8a5a-978c-963f1ae67113,8.166930939159147e-05
7c017539-93a2-0640-220b-5b05a855210a,0.0
7c02184d-7670-66b9-754b-2ea0d0e40a8d,0.0027593986981941246
7c0d3dfc-26a4-de49-5168-8f067a48d288,0.003724757518319327
7c0fde81-158b-e8a8-36bd-6dd64bb7de64,4.178194005485371e-06
7c564c91-9f01-c08f-cc78-02cc867e7594,0.0006911926654788656
7c6801ef-3f4b-c0a1-c35a-0569fd6281d1,0.0
7c7e7920-4286-938a-576d-390d2c5c0477,0.0
7c93ee09-edee-68a9-41e7-3d924dfda730,0.0006911926654788659
7ca12f7a-2f8e-48b4-a8d1-1a33a0e275b9,0.0006911926654788658
7ca7dc60-4543-ea08-2062-5525859c42d3,0.0015775246517271988
7cb35021-d311-5b82-4422-c7914fdd9124,0.0
7cb3565f-4635-7fd8-6a83-91c0338a6a57,0.0
7cc378c8-2be4-2b67-56a2-d2b8a4932f95,0.0
7cc3fbd9-6688-a050-82bf-1f30a8aed42e,0.0
7ccb2e31-ce2f-8851-4f5d-1d0a15272e1d,0.0
7cdde4a3-e50a-1537-3175-ec757f547188,0.0
7cee26fc-4c77-2df6-5b87-422fe94eb47a,0.0
7cefb905-a92e-c393-3371-c6edaab37b71,0.0
7d0e20ae-fec0-f3ba-0298-84511477ed22,0.005630143467466154
7d218096-fa79-c29f-57d0-7390bc70d3f8,0.0
7d472d1c-abca-9f44-f6dc-5e78ded94a3a,0.0
7d4b5f74-de7b-325d-81b1-913ef6d0cc94,0.0005288752689868339
7d4f8bf9-8f49-3961-381c-c071cceadb22,0.0013811915612418784
7d92e36e-0e73-aba7-5049-f01914c18c4d,0.0
7d9c6e6e-fc69-1a61-b89a-a61c8010d4e6,0.0
7d9eeab8-caa8-d581-d8d7-e15762d88d86,0.0
7da3e39d-a9f6-b6f9-4bc8-ecf8977c0c4e,0.0
7da5ad67-cac4-d175-dff2-9bf127502205,0.0
7dc7e132-945a-5dbd-058e-07de7897e329,0.0
7debe6a0-abfe-6262-e67c-f2564b23d5cf,0.0
7e060632-1ce2-1169-80dc-2499050092e4,0.0
7e15f07f-d980-a0b6-4e88-d16fe7e44221,0.0
7e45ee46-68ea-ca95-ee41-26716ab595f1,0.0003452978903104696
7e630a0a-d66f-9be6-d47b-842344aa4f68,2.9844242896324084e-06
7e962dc7-5d3e-277c-1b9d-68e5a406a2c1,0.0
7ec0ca0f-6652-b9d2-eb1c-75aeb1f2def3,0.0002613580524316722
7ecf5960-cb52-ce22-4d3b-7b752d92a28b,0.0
7ef1577a-8779-8044-4a42-669b796f8e4f,0.02197783078541308
7f1eeb05-c9d0-1ec9-b238-07302ffa7735,0.0
7f203d04-f0ed-8ae2-99ee-3fe802591081,0.0
7f3a5f57-f40b-2a0e-5ef6-25a355e5c97c,0.0
7f3c27d2-fd7c-821c-04d7-d7c623a2aef2,3.58130914755889e-06
7f5d8bcd-5e3d-97ec-281d-8e176c7c8330,0.001381788446099805
7f64286d-f52b-9021-d25d-c83862e1662a,0.0
7f7c976f-d7a9-643e-0c87-32a42d87c00b,0.0006911926654788658
7f848b2b-af59-a814-df93-460aac5c7643,0.0
7f91e283-d1ad-ea41-bc3c-3573e48bc6bf,0.0
7f9f13e7-5217-6771-cbe1-6fdb97cf19f1,0.0
800c244b-5328-94d2-ef69-848ea7d393ec,0.0
8040c9b8-d38a-3ed6-e1c0-7787169a17c8,0.0006911926654788656
8049cc29-7391-1960-6388-b6b9f1de741a,0.0
805b618c-68d2-21b9-4e9c-52a0131308cd,0.0
80689737-ef74-9def-49f8-4d7c47785a34,0.0
807b0495-b8de-b4fc-9db8-8770960f0577,0.0
80aba3ad-68ac-eb5a-a39c-020ff5382470,0.0
80c60405-0202-866d-c8e6-f7c7ac9627a0,0.0
812cbb35-4a97-e9db-bf6f-120c990518f6,0.0
81316faf-ca27-a440-2f53-7020c42f57b5,0.0
814242e5-225e-dd7d-e269-0bb89d9d6b95,0.0
8168d6cf-4795-2847-43a7-e347c26186a1,0.0
81b3ee27-26ea-386d-346e-6eb984a68658,0.0
824fd405-fe30-fb47-a462-6d0e056c3d1d,0.0
8250dd2d-e80d-b89e-6d61-fa0ad01e064d,0.0
8284507e-1bed-4357-12ec-1e0dbf954fd7,0.0
82ecfed8-74a2-51b2-7fc3-0be2b97bf834,0.0
82f9cda0-bec2-957a-25e9-2b9bbbd279b6,0.0
8300c58b-3d08-8734-2ce5-30004553386a,0.0
8324c66b-547a-3101-2bff-a7be16b338e1,0.004034656483678153
835d3fca-89a0-bf9d-a1c0-dad7ef6ef6a9,0.0013811915612418784
83736774-ccac-0c60-42f4-b77f409c2069,5.073521292375094e-06
837d6d98-7ea9-304d-1cc6-9a349529997f,0.0
8382df97-8c94-fb55-f207-65e6da257ca9,0.0
83b87c06-b174-aefa-1dc2-93197c97d0d9,0.0
83bed70e-7027-8921-1fa6-c26eb7dde65e,0.0
83fdf602-04c5-469e-817e-e9b673b189f7,0.0
840d1d30-de3a-3ff1-813e-0a3dd63e7621,0.0
844d9eb3-43d1-642e-cb37-292b61c12475,0.002757608043620345
84513db9-b170-e20d-1b9e-7421a3d7cb7c,0.020696258445787364
847cabea-8919-7593-5dff-076bf748beba,0.0
8483fc50-b82d-5ffa-5f92-6c72ac4bdaff,0.00564960241212791
84c002d9-9a06-dd99-fe42-9f2d7dfc1f7d,0.0
84d690d3-432f-1f30-ab79-16e78adffe52,0.0
852b671d-e4e4-37eb-27b5-bdb6113dd25e,0.0
853422f5-8055-d8a1-a13a-85a7148a465e,0.0
85649c05-34c6-dd5c-ea06-e74c6a7909ec,0.03612755389747426
858bc78d-f887-4de8-b24f-a5c92d9b06cb,0.0
859b29ae-d07b-0a72-32d5-04b1d27a5f0b,0.0
859de188-dd52-18bf-a210-7528b634cf3d,0.0
861e4ce9-5452-fc81-5f62-593ef95dc3ac,0.0
8622b6f6-05d7-19dc-8d02-1a87ec6f5d02,0.0
867f0af5-a1d0-143d-bbed-5cc252ca40d6,0.0007876691546817156
87080248-e519-1749-3b6b-4899f197f358,0.0
87652d49-1469-22d7-794c-672e3fbeca14,0.0
876ade05-ff5c-cbd8-34b0-7f1fc908b918,0.0
876ef587-769b-c1a3-574e-09a0f1208cec,0.0
878586aa-6327-2d8e-ef61-3d4fc04ecd8c,0.0
878dafd4-e744-9f9e-8d2b-f3345b856590,0.0
8792e01e-a619-9fc2-5e6d-b164a32a7285,0.0
87a93e74-1e6a-1c60-8527-cb30b220fd71,0.0
87c58be5-6cef-2a48-fd5a-9a448fe209d3,0.0
88213ccc-71f8-1024-72cf-44e863af4993,0.004838831255186092
8822ad10-db82-4265-8460-beb9c67c6712,0.0
88616869-0903-40ab-915f-50802a0b92ad,0.0
88c50efa-8af0-483a-bcf9-3c8da03f2a3a,0.0
88e9076f-3e29-b0f1-d6ac-175a7c5bede2,0.0
892cb150-722e-07ff-4645-8127b52040cd,0.0
897604ea-925e-41c6-a0a1-aeaca56b160f,0.0
897a3434-8fb1-8361-bd0e-c0022451835f,0.0
8990d885-152a-dd85-2696-be5c68a5408b,0.0
89a510fe-64da-af62-9e4a-12ff04a4c395,0.0
89c73d92-73fc-2997-1cd7-26e8252b7b82,0.0
89dc61a6-1b37-7a0e-4375-c19e6c86e5d4,0.004714981386516115
8a00eb9d-54d0-4215-2213-f11b9c7184f9,2.3875394317059266e-06
8a43e8a8-9f98-dce0-73c0-46120dfc0924,0.0
8a5179ec-9470-5666-67e1-1835235308ab,0.0
8a5cdc4c-6be5-95c3-b6fd-0dc5ca4a00fb,0.0006911926654788659
8a68c04f-0866-6cab-1220-37bb8a94e2ee,0.0
8ab63472-1fc2-9c80-06d7-48ed9fc5bad6,0.0
8acedac1-a025-7d7a-96e9-131199c25ca7,0.002076744255271721
8adadbfb-be63-6602-8ca0-b037397a7038,0.06303035081647808
8b01669c-939a-01cf-d132-52490e88f924,0.0
8b38b109-1195-c8f9-9476-e8f9b84ed165,0.0
8b4b73f6-f945-4d33-994d-ce87bc56365d,0.0
8b5d5e70-0fc5-5d02-cdf9-a1d44a74c089,0.0
8b69af97-cb83-b6f0-789b-45f6f4211171,0.013922547390636999
8b6cbd36-dd95-fb5e-d2af-96613809a197,0.001381788446099805
8b8d96f8-9dfe-b27a-8f57-7d266a051dc9,0.00012004581540997036
8b94718e-f3aa-5636-3028-768a4876c64e,5.771117969607986e-05
8c048fd6-de2d-4cc4-6a09-18d7a38cbc30,0.030571108439696622
8c05ac0c-0856-c482-d725-fc5f3b8ab7bb,0.0
8c1bfd02-58d4-b85f-7c2a-ddcfd213fe1e,0.0
8c1cd4d3-f58d-84ba-b6b3-848ebb83297b,0.0012387351418701705
8c5ff693-d08b-fce9-7829-236ebf2fe254,0.001860287651793521
8c852409-fba4-4cbf-2d9b-ad078725748f,0.0007002442971933985
8cb2acf2-8033-c8b4-0891-668beb551352,0.0
8cbe48dd-7f08-266a-084b-63c664e973ca,0.0
8ce96063-2640-7ed2-78ce-5705d274da8c,0.0
8cea27ba-26fc-2e78-b5fc-5058c11d98c4,0.0
8cf8323a-c406-858a-9f79-c78ebb116511,0.0
8d0498d4-61a0-233f-bf75-ed82d21b3d5a,0.0
8d18133f-f724-421a-b55b-45c5c068fd14,0.0
8d297d1e-3e3d-fadd-2963-57e0a40bff2a,0.011322986686522858
8d8b8ca4-4a3a-6574-1de4-5ac9ce74c495,0.0
8de4fcd1-e336-f02d-b087-3b7d9d190a4e,0.0001300198539458767
8e047641-5123-35eb-8f45-c58ada8d1daa,0.0013240345669353036
8e3f39cb-89b6-87f8-2973-0e0fd28125b5,0.000446279123256269
8e552b3e-8166-77fb-0819-1600d42f2812,0.001381788446099805
8e7f0220-fdbc-afd6-93e7-f2840524e4f2,0.0
8e90f6fe-430e-c303-bad8-c36c86cbdd93,0.0
8ee63939-bd06-6699-f575-dffcecb71daf,0.0
8f39c0f0-9090-93e8-627d-e38c36c90ccb,0.0006911926654788658
8f3d0e6f-467f-ea04-dc87-a62a8931cd65,0.0
8f6cfd73-cc05-3e91-3e87-ae9d627c7747,0.0
8f7b8af1-e2b9-737d-8a8b-b30ea81c1b77,0.0
8fdb95f8-0957-6fae-c084-89a7d80cfc68,0.0
8fea5416-d418-ede2-3a45-43507decf319,0.0
907205e6-22d2-00a7-991d-c18ea683a8be,0.0
90893b6d-c730-4918-2469-3ba185d45235,1.8013642157946933e-05
90a166f2-9809-d5a2-a5e2-b2a2c9156344,0.0
90d0b3bf-da99-89c4-1f88-65c135fa502e,5.968848579264816e-07
90eba7fe-ddbd-e043-67f8-bdfa0710bfd6,0.0
90f0ac67-9d96-d462-f299-5cfc3dd80944,5.968848579264816e-07
9134d431-db6d-5945-5b1e-4457df3686ac,0.0
91638d36-44ab-c37f-2821-55046bbc042e,0.0033044465990076915
9177c0c2-f66c-bf1a-bfec-4338b1977912,0.0
91846c8f-6ef9-6477-1fd3-ad238fd36ae0,0.0
91b45d66-8d65-1289-974c-e46687c727f2,0.0
91c3dd7d-13ff-d00b-8310-16ebb1a88e12,0.0
92082b3a-0df9-2258-7687-b1736d2e264c,0.0
92303447-697a-edb9-58c3-db42b2feaebf,0.0
9249e8b6-409a-a80c-1a1e-29ae21b1db47,0.004806800895446005
924a67c8-28c8-5f7f-e349-6fb6cb801e8f,0.0
9263231d-c99a-fe4d-c4cc-3abf4afdd399,0.0
9274433c-ffaa-c736-47ff-f5944741f8fa,0.0
928d56b3-a2a0-b554-7d60-934c9543526b,5.968848579264816e-07
92913376-88c5-1625-c1e4-8564db21b567,0.0
92e5e5ac-a3a4-e9ea-19bf-1c5ebe80f157,0.0
92eb706d-9f82-53b1-da8e-faaebc06a2fa,0.0
936e5ce5-8dfe-c040-6626-f70dcf065c1f,0.0
93820cd4-2036-9ccb-59a4-74c777ffcb22,0.0
9384dc03-2dd0-72b7-a095-1a94fdc13010,0.0
93853d8a-48b8-f3f1-c162-7c1d3b856082,0.0016046270391702464
93ad161c-86f3-3f2d-f130-215dcc8cd59c,0.0
93bcc9e9-24a8-03de-2133-3f8ad5ec8725,0.0
93f6c284-00ee-f917-cc62-f58678714a3d,0.0
93f93d33-88f2-73b2-9521-c45e04b2be32,0.0
9402f172-be6a-b5f7-c0eb-de667704bfac,0.0
9415e197-9704-f3fc-f35a-4d6f66291ba3,0.0
947367bd-69b0-0c8c-91e8-35429950d121,0.0
9493bcf3-f097-c78e-1035-7a2ea6ea0535,0.0
94a74e17-c5e4-f996-b2b0-4c9d4db492db,0.0
95163811-0c2c-bb59-1086-f847eb8b9991,0.0
954ec8cb-7d9e-f4c4-b00d-2150bb068b1d,0.0
955e122b-489e-fefc-052a-2fe6cbed771d,0.0006911926654788658
95b124ce-5927-50eb-d1ea-15aad4f20ce9,0.0
95d04193-fc6e-d92b-13e0-bc796beda8e2,0.0
95e7c9bf-98c0-bf37-7db1-21087820ca0e,0.0
95f7192a-944a-3430-6cd6-ed24819f8141,0.0001243315969482585
95fb57bf-8924-664b-b454-d0f22781382d,0.0020711904570048915
96307fbe-d5ee-4fa1-9725-6975433bf275,0.0
96898f51-c217-a0a5-6e75-b5acfe1d788c,0.0
9735427c-4c5c-785d-aa1d-48f7068a5416,0.009735889764959574
9735ab58-fa51-b579-9dcc-c5d4719bd164,0.001381788446099805
973bd74f-658b-e011-18a2-9ad2d32893ed,0.0
97475885-a087-4ac2-cc01-e8ecaf8728c3,0.0
977f7f18-5540-24cf-0054-d4accf01325e,5.968848579264816e-07
979bb5e8-f0a4-ac0b-c349-9603d95759e3,0.0001550318554952594
97dab1de-fe98-aeed-3815-5fcbf2117ba6,0.0
97ee0822-0f7a-060c-e74d-2782f7972f30,0.0
9801e458-058a-6b4a-1292-5740383b785e,0.0
980d3930-d59f-4747-1099-9a422150a741,0.0
98191248-a499-1c5f-e4df-a41e046d7154,0.0
984686be-b069-1c00-d440-9f20053907e0,0.0
98bbc2d2-529f-3dbb-aedb-117605c4908a,0.0
98bf6460-f0bb-53ce-b980-b67ac73729b0,0.0
98c51068-df34-3366-f536-e6fde4c4fb71,0.0
98ced7fb-c747-4920-9470-ebcda6f1077b,0.0
98e14ca8-80cd-abf5-d07a-dab9ac5a4996,0.0
98f2c233-c3cb-bf08-c5f3-dd97b2bf8119,0.0
9910c201-29ad-f220-8a28-c9e7d03d55ca,0.0
99228a79-a265-bd1e-9fd6-f060080e302a,0.001381788446099805
9973d602-9cd8-4113-a041-4f67bc4bcdd0,0.0
998d88bf-2808-3bd6-d1f8-852fd345aa47,0.0
99931bff-be41-3c3b-3b76-4fede79cc5a0,0.0
99fccb2e-e182-f8d1-514c-800364a5796b,0.0
99fcee39-863f-4cae-3423-8ede514d8e44,0.0
9a21fbec-a53c-8e60-cf36-fc7958f1f075,0.0
9a32dc76-7e65-27eb-3245-974a3f5b6992,0.0
9a3598fc-5bf7-0912-a940-43051aacb756,0.0006911926654788658
9a578160-208d-43e1-8636-f5881c913c3f,0.0
9a72eae6-3392-a785-5166-6f35a868b327,0.0
9a935a73-0a3e-577c-73ef-15c0cfb26785,0.0
9aa959b0-1bbb-8a5d-99e1-6419ac50f129,0.0
9ab95431-f8ab-4654-c925-7e432fe42961,0.0
9ac5629c-1c7d-b3d5-ca73-a0fafac3d4cf,0.001381788446099805
9ad9e2b0-8ac1-c066-b186-09d26f42c13f,0.0
9addcb94-3b06-6f4e-652c-a0599abd7e89,0.0
9af3f5e7-8dde-2bc2-365d-7d72dfe6dd87,0.0
9b526e3c-62d2-7715-9e61-1bb8386c6a5f,0.0
9bb90a35-ef1c-bd76-c707-18f0bf20ee43,0.0
9be4dcdc-0bb0-d15b-510a-558301226811,0.0
9be92397-63a5-53a3-7502-3ed2a49d6b7f,0.00033414625160934106
9bf11476-f2da-39a4-b8d0-e4ff450ad46a,0.0
9c0dd1d0-2a1a-7887-339f-39689a1867d6,0.0
9c931791-a6d1-535f-8658-25787d042f2e,0.0
9caea7b3-a948-4569-8b72-4c29785732a5,0.0
9cb7d11d-96dd-479f-8372-6b64d4d580d8,0.0
9d1463aa-87be-c09d-a8b6-4658670bc3f0,0.0
9d2fa1ce-e8f4-ba3a-7a96-0bb00414c01a,0.0
9d702e38-090a-8ca3-aeba-cd6e996b659d,0.00033601673515674414
9d761692-b726-76d1-0db0-56aa6095bf48,0.0
9d766946-60d5-b9c2-53cf-29f8ad6cbcdd,0.00011790560548442688
9d80a208-5ec4-39a9-5952-e1456e2c06d7,0.0006911926654788658
9dac4e6e-7fa9-684e-18cc-0779ba7ce0c4,0.0
9dbcdc8e-6a6e-dd40-51c3-26d7ec27f354,0.0
9dc840d1-24dd-024a-48b6-25a92009493d,0.0
9df3662d-8c9a-d810-44dc-4cd9b4a66c5d,0.0
9df9f26b-19e4-4756-f4b9-f9e2179592ce,0.006919288642341289
9e0ec5ed-02c9-3801-eb43-fda49928cfb3,0.0
9e1abf44-ab89-7e3f-1ad6-f3bd75a623bf,0.0
9e73292f-572e-c595-80aa-27b41b96e652,0.0
9e83cf1b-7eac-8a2e-273a-358e4bf52de9,0.0
9e90594a-39ce-f603-801e-31e50e21c969,0.0
9eae9faa-f75c-db70-3b4c-6183b583a4ba,0.0
9eb99bd1-ece7-a29b-be8b-858889f7e303,0.0
9ed20b5b-991e-6f52-5480-f8b206b72be4,0.0
9ede6aa5-70a8-6061-8d83-d840e7d512dc,0.0
9eefd634-7dab-c2cd-7853-89217aa36be2,5.968848579264816e-07
9f29a563-5806-4e05-1cd5-a386f831fecf,0.0006911926654788658
9f74bf7d-ad51-a74f-3900-94f69bd76dff,0.0
9f80702a-f7f3-8613-0550-841c5e5c71d2,0.0048234265369038985
9fb900ad-77ab-a622-d7b0-f8562f7b1248,0.0
9fc02635-7520-4c58-0dbe-1227ff6e0d7b,0.0
9fd1e37c-8d42-38a9-05e5-437c95cb3e94,0.0
9fe3445c-2f6d-314d-673a-e88461fb752b,0.0
9feb88e6-778a-2d67-0b04-2151a7270496,0.0
a04337c4-b905-97c9-c685-fbe8e3cb86ed,0.0
a0a7ecec-622d-f3db-dfc0-6d3a3c76495d,0.0
a0ec6b50-fbac-ec3a-6154-6016f5f470ae,0.0
a10dc0ba-8fcd-d89b-3644-8cf7c7f72876,0.0
a14dd050-0ac5-2256-28b9-af37f6a0536f,0.0
a168358d-086c-dd4b-577f-ec95c1691698,0.0
a17a1fb2-dd6d-bb05-fd10-a795bc6c6fd7,0.0
a1964289-79c3-41cf-98f6-e79f45006a00,0.0
a1aa3ed8-e92d-5767-1bad-36390336ad09,0.0
a1aaaa7f-2b12-8335-c9bd-777410c9deaa,0.0
a1c94b88-aa68-15f3-6a08-47cc629d873a,0.0
a1cb74f8-2921-f86a-3b29-d1d921e3c9f2,0.0
a1d43c19-ee2c-f21a-82f4-b640eee9d978,0.0
a1d935af-1d49-55ef-2bf6-cbd1bf82af6d,0.0006911926654788658
a214b514-b5a1-0a94-5e78-7a36f30d9975,0.0
a2446b5e-2c49-8d15-6304-cbbcbb25fc52,0.0
a28b409e-9903-abca-2d2d-9a53ddc71b1e,0.0
a2a6ce41-5b3a-fd9c-1d36-f4aec4da528b,0.0
a2a88e80-e7e5-483b-7e78-d1142c1cc47b,0.0
a2b35e8b-e3e9-883b-8a07-38e6ef57d726,0.0
a2fadb10-9952-b057-f52c-76b5b463caeb,0.0
a325d318-5167-525b-f61d-2ab89d6b05c9,0.007553577877059625
a3ab8d34-fe25-d08b-4981-1e4880fd3abb,0.0
a3f3fb2b-86b3-1999-8237-8188589b4b37,0.0
a400e142-42ba-7e98-4f1e-061390b66127,5.968848579264816e-07
a411a994-9881-d956-e6aa-64adf1f4495b,0.0028564477616089008
a434634e-8f50-134e-7451-d78075624b66,0.0
a44c281d-fb18-a03b-61f9-5b1230e6767d,0.0
a4842e6b-9e4a-cc58-c009-5c7a28c45c02,0.0027069459357012423
a4c90dd9-54f0-ae3d-aca1-8545b942d21b,0.0
a4cfd502-bc1e-77b4-76b7-2e797e56e2b9,0.0
a5247ea1-965a-a587-15ce-b1c51e168542,0.0
a5494aaa-4a2f-1985-ff1a-8bf4d03ff909,0.0
a5bbf9e7-9f64-fb99-dcaa-698037a9ccf0,0.0
a5d436e1-c7fd-15c0-ad4f-4c3c13b8a97c,0.0
a5e663c1-dc38-c40a-ae9c-a9f6cd266782,0.0
a608511b-f6fc-7f2e-1315-331ff87f1197,0.0
a609ce4c-9a00-8d0f-b83d-c65ec113bd60,0.0
a61cfa68-d953-192b-228b-bbe1da97b8e6,0.0
a621e782-2f1e-fd11-aa2e-b20c237cd5b9,0.0
a6549dc5-9dff-ce3e-eb1e-79af3430462e,0.00026522734524472255
a668fc28-5790-d993-422c-7d7df631098d,0.0
a688e442-89f0-2ccd-d8b8-fe144fa154ab,0.0
a6a638ea-ac06-7186-77a8-6b505a78d9a1,0.0
a6e4270b-4d68-7f69-b756-c9f7c0f0124b,0.0
a7870af9-1e24-cede-14e8-1bc561e7c212,0.0
a7b14a60-c917-6d3e-8396-f0327aa00195,0.0
a7ba3835-17d2-3607-0f35-86b9198d5cb8,0.0
a7e1a71d-134a-e2a6-3239-e4fc3e528ad3,0.0
a829e340-3070-829a-6cf7-6deb8e0752d6,0.0
a82bb247-2e9d-4298-c636-72b869fb47e2,0.0
a8987b2a-c389-4de6-a253-f49595448f8d,0.0
a8b7daa7-de2e-34fc-e32e-940fca2272b3,0.0
a8ba4bc6-99fd-3778-196b-edfbac99a692,0.0013950904515050242
a8df1875-01b3-9965-1c60-5658bf8a2f4e,0.0
a8f82d0a-2c10-04bc-7db3-6485fc604670,0.0
a918b890-7a34-f549-a502-743cb27b59aa,0.0
a91a3f8e-3889-8c1d-7338-9eedfaa9af10,0.0
a922ce99-be8b-c193-bcd1-32493e688306,0.0
a925ab1a-9f9d-7e7b-c130-8636ec1f12c2,0.0
a94df68e-6682-e1cb-9b61-dcf37507377b,0.0
a990bdcb-1ccf-5114-35da-18814489fcbf,0.0006911926654788658
a998e3ab-9586-6be8-22d7-9c7f94668fe6,0.004109283123738822
a9c4db58-c9fa-1289-3b64-546f2b3d9d05,0.0006911926654788658
a9dcfca1-31e4-a707-0d56-dc531d174718,0.0
a9ed2487-4d96-9c37-5fc1-d7dc7e2ff392,1.1937697158529633e-06
aa320353-a1eb-5368-8a51-f39e27954f90,0.001625634442437434
aa7d71ab-e2e6-6bd7-a403-57b9538a9209,0.0007467151094366084
aaa4a215-5105-818e-55f9-b956a80f4dac,0.0004475887477980441
aaf17b4e-f246-9a3e-d650-1da464b59fe2,0.0
aafb90d7-7048-f5fd-4169-6b86a9bafd63,0.0
ab5ce7ed-0ada-c81c-83fb-58554127006d,0.0
ab6b2d12-f8ab-1387-3bf2-5713f999362c,0.0
ab7150b0-aaf9-3eb1-a938-6f46a42b55d5,0.0
ab73388a-a691-c109-6539-91035bdc77b6,0.0
ab8749b5-96cb-5124-80a1-88ee1ad7f577,0.0015279847947433799
ab8e5ba4-df5d-121b-93b6-eae7a0c89245,0.0
ab912196-35a3-5a99-3862-9609b6b2ba96,0.0003703944903864972
ac1b64f5-4012-c3f9-59c0-1f48f1df3f5c,0.0013811915612418784
ac60af0f-d426-5340-cf97-134c478e487a,0.0
ac6ef54a-1f35-a468-2001-f04dd3fc035e,0.0007514207503598037
acb79e66-1d44-5459-dd1e-3bd0c0f1e0dd,0.0
acbc95dd-2de2-d150-934f-8004e6f59a59,0.0
acc267bc-355e-2692-8429-42bb3d8da5c2,0.0
acccfcdf-9757-1ce0-2c04-757c88dec854,0.0
acd48112-63f4-e4d2-2365-0638bed3ac2a,0.0
ad25a656-6db7-96ec-bad6-e33af2ef94e1,0.0013811915612418784
ad6e72a4-6e70-63f0-adc3-2e7cd23bdb8e,0.0
ad7fdde7-845c-2d91-42dd-a7673b30c9d0,0.0
ada62757-7898-1ce7-461c-b20c66b22edc,0.0
adc567a9-bf43-dd4d-96ab-c91cd60bb23c,0.0
add13b02-63ee-8467-0029-792ba6b58e3f,0.0
addf6169-98fd-71ad-9790-8d2b437d5042,0.0
adee1458-66bf-3a81-93b1-c916e602f9e4,0.0014719046460137924
adf13d7b-766d-b9ce-ac5d-35b917b53dfb,0.0
ae0dbafb-a60d-eb4b-20ae-8f5874cf5eed,0.0
ae1bda93-31a5-5580-6a63-2992f747efbd,0.0
ae26fe70-e286-e0e7-48ab-679ffec32290,0.0
ae501e81-a950-85b3-683a-8c673a718f01,0.0
ae6f0a64-3c42-d345-5aec-77d7c5464ebd,0.0
aed20c67-6444-a18a-df7f-859c9a6bd4da,0.0
aee47d3b-e06a-d516-6684-1d755ecbe99a,0.0
af03e8f4-d9cc-b4c2-da5f-9207ee2ebd9d,0.0
af283742-131c-eec4-feca-b816ccf081da,0.0011913774472143372
af3542c2-f82d-3f40-0e06-b793ffa2b575,0.0
af3dc6a0-01d7-b61f-e94a-c79953160de3,0.0
af418dcf-eb04-bed4-e1da-2da0b3f07f6d,0.0
af6f54c8-c3eb-56a1-3725-3f20139d4f35,0.0
af80561d-df8b-df54-14d2-9615777f3c06,0.0
afb3cf42-e7d4-5aa9-6ff2-1f5257c6a45c,0.000786715709057654
b0258876-4f85-ef8b-39c0-dd08e18d0036,0.0
b079e0fc-cd4b-f7f7-4e62-b4d68803c186,0.0
b08a0a26-6501-d64a-2e2d-422bc73ebb44,0.0
b08efc27-da40-505a-6f9d-c9e14247bf36,0.0
b091b3a0-bf49-21bf-e7ca-f8d14970a6e4,0.0
b0bb8e2f-60fb-b4b8-cf77-42f7e220fbf1,0.0002523446181818894
b0c66526-911d-6844-b99e-65adc1743024,5.968848579264816e-07
b113fc0f-550b-539e-e3ee-bd165926c0af,0.0
b12603bb-eb95-c54d-1cf2-13f1b017ba3f,0.0
b12cab6c-de81-4122-a2a4-133579b16c43,0.0
b14fa0aa-e8f2-cb9b-e08e-2b6085694c73,0.0
b164e325-99cb-f2fa-8d29-f6b36070f5d4,0.000264704761248477
b16a7278-55aa-9fbf-2c33-5af6bde83b30,0.0
b1933743-4832-ed1d-078d-40cdd5e1b472,0.0
b1a0dee3-aab4-3c48-1343-c60d851d34e9,0.0
b21102d7-b642-56e5-fa4e-a314324e76d7,0.0
b236a256-fa55-8ed4-161d-148b523b7b17,0.0
b241aba6-5c56-3476-7ef0-026ea8921ddb,0.0
b288f5b1-a61f-79f6-874b-cb1c6587fd52,0.0
b2b92c36-12d7-b9f7-8818-924f50181b5c,0.0
b2b9c73b-2feb-f56c-3607-b1c95952a2a6,0.0
b2d72d6b-ee9d-e62c-2d16-6fe872e60d29,0.00011096730724682095
b2f17271-67fd-817f-d32b-85092fccb183,0.0
b32d71c1-08c5-79dc-f68d-c0228afb348e,0.0007316098776184378
b347b32a-4b88-0350-a0b6-9d4bc6c26bd0,0.0
b3b24392-4874-3535-2756-40bbf508ce0d,0.006043008298773781
b3bac9d0-5439-2608-1606-70e9a2d8f22d,0.0
b3e3f4fc-b194-407a-ccff-dd713bb54e5f,0.0
b40be165-e6df-4a33-6c9d-4dc89bd5606e,0.0
b414da1a-53c6-2c57-1253-24bbbf486821,1.790654573779445e-06
b428899a-2703-39da-2f0f-3234083b63f9,0.0
b462608d-8bf4-93f1-4f68-e41ee10f0df2,0.0
b48c96d4-4cba-449c-617d-5900c836879d,0.0
b49fe886-e6bf-b9c9-3b7b-6e12c80a166e,0.0
b4aeb748-cd59-0f05-b977-16be3c2b06ce,0.0
b4ea517d-c394-f005-34bc-9a1f1c3ff8c4,0.0
b5162dce-28bf-d53e-a88a-0c8e5c713b7e,0.0
b56e9800-c8e8-f2dc-8fc4-a0301bb9ef23,0.0
b579d22b-a13d-ea31-be78-6ae2f0e0e422,0.0
b57ba20f-b8a2-eb80-9beb-c037e645b84e,0.0
b586f28f-4db6-5893-f221-a2075fd4f436,0.0
b5a6210b-9e7b-cfef-22f2-02b751aa5342,0.0
b5ad7367-a228-c1bf-7deb-7a21fa9731c9,0.015985248219821478
b5efbd87-607a-5fe1-381e-52394e7a3f50,0.0
b62cc822-ce0a-bd40-9d53-c709c2410281,0.0
b646436c-8ed7-214f-3be2-7f7c7cfae28b,0.0008141130401767156
b6474ab8-1cea-e73c-54ba-36c08e357917,0.001427399691632138
b65cb552-aded-9e0c-8c4a-c6b2b924f987,0.0
b66c6141-0e51-0b70-d4b5-07b29c51fcaa,0.0
b66e044b-41d9-44f9-c5b6-b39dddf04670,0.0
b6727e78-b2bf-2b79-9ba8-43f06dc744ed,0.0013811915612418784
b6a118a6-de98-0af5-3c6f-9209f70da732,0.0
b6b464ec-7e50-f6e0-4b12-42bbaa11a9ae,0.0006078886223748641
b6d82b41-bfb1-16c1-4565-d6e7af318e85,0.0
b6ee2c21-3ead-60a3-b451-d976f9c8ff70,0.0006911926654788658
b6f5c467-a516-8198-cadb-d91d24e27b8e,0.0
b734749f-c24d-e29b-eb6a-8e5a828908ed,0.0
b7406735-20f8-07c8-59bf-7f530296f700,0.0
b7645550-46fb-285d-197b-a5c6e6b5b2e1,0.0
b7752e03-2ba7-9ca8-766a-f1700030ca76,0.0
b7a505ff-ed92-7e08-9c10-ec00f0ad78b6,0.002702565680368825
b7b95b94-5017-c34b-0496-15df52cead37,0.0
b7fb95a3-cc31-1084-7258-b9b0869c0199,0.0
b84281c2-7ae2-7ab1-c675-a674b1978637,0.0
b8ce6b8e-5824-75ac-6440-12b5dca5b49b,0.0006911926654788658
b8cfdd12-754c-35ef-9c4d-b1e6e4784be9,0.0
b8d38291-6018-dd90-83ec-0723756f2949,0.0
b8fedc6b-ff21-a7ca-8286-7477966a3f42,0.0
b9284e7e-06e1-f4b3-8d27-4afc2f148fc7,0.0
b93a25cc-c198-4cc2-2604-befd02c0ad79,0.0
b947d545-95cb-b7de-6beb-fcbd0da47796,0.0
b953ed53-2b7a-f94c-7a58-27c7c2a5e4a4,0.0
b96674d4-7255-ec65-6624-015609804fae,0.0
ba08a876-9044-e504-c63e-a18974a8f942,0.0006911926654788658
ba2bd371-496d-a0ce-69b9-f7f017578bd8,0.002555473548733999
ba3b8b59-c2c0-6c37-372b-33f82be396fa,0.0
ba488128-81a9-a4c1-26eb-68198c5d0784,0.0
ba754e9b-f807-2c20-2ade-0d771f7bc3b3,0.0
bb29b7d9-31fe-697f-7bb9-ad01da6c51f3,0.0
bb2f8cd7-b871-1fc2-5916-bb866ab2bb53,0.0013811915612418784
bb30de95-ecc8-35ea-9163-e5f675357af2,0.0
bb79b26a-f996-10d2-412c-aa312b14dfe6,0.006755783071658252
bb7f8fb9-eed4-3f6a-2334-a83b31946db5,0.0
bb9856ef-bd85-c9f0-b2d5-cee6086f38e6,0.0
bb9a9bb2-6a42-4ce9-9428-5d11a244a1ed,0.0
bbb5207d-89db-ddd4-e6ee-eacdbcd7e930,0.0013811915612418784
bbd2819d-4130-0d24-9f4d-4a1e018a66f9,0.0
bbd3ae58-58e2-d81c-42bf-97d4a07ac0d1,0.0
bc301b93-e25f-33a0-a01c-617746d281ed,0.0
bc73bd78-4688-4e68-1842-b5aa4a655893,0.0
bcb76b97-064c-17e0-0c89-dfebb087b592,0.0
bcea8ba6-87e9-22cc-d0cd-614614d8e993,0.0025036943825597585
bcf0328a-a777-28eb-1545-420be5d49100,0.0
bcfcc3bb-a92e-c787-1611-cb2df62e470d,0.000806940272270566
bd0aa3aa-c14e-5fe3-396b-7e19a2f4d141,0.023770103254301476
bd392780-65c8-c7d2-2b6c-f23c07576372,0.0
bd566ce5-3119-12eb-bb34-4a09fc4e5fb1,0.0
bd6445d5-73f5-8a41-d11a-128080f96667,0.004074359605357359
bda6a1fb-62b4-a091-42c4-b127539e50cd,0.0006911926654788658
bdb77f21-c628-3290-9e1a-203a36365ee1,0.0
bdd6b7d4-9846-d4e2-29d7-7e5acf17c034,0.0006911926654788658
bddaefc0-17fa-6ef3-41ca-f81aff757369,0.0
be03b48f-70a0-d744-1286-f6fbd585f768,0.0
be0b59bb-68cc-501f-5e7d-0d6f20e4ed50,0.0
be1c0053-11da-786e-c51f-4beaeca2e99c,0.0
be5043e6-be8a-68bc-738a-d44c27104055,0.0
be81f258-0395-4197-3216-95f90694221b,0.0
bee7ff45-9a4a-f4e0-972e-869b121a09e6,0.0014224553845024602
beeae34d-cdba-dfbe-2756-50c5b9788cdd,0.0
bef5bd4b-72c6-7877-d7ab-8bbe43f7bda7,0.017549484486069643
beff06ba-8214-303f-92a5-205904914f79,0.0
bf190e5b-9223-10d8-93d3-34c592db9f82,0.0011287872380337305
bf201fdb-41d9-52c8-4685-59a10abb2fda,0.0
bf2c6d0f-3980-4845-c982-6943db201138,0.0
bf313e68-63a0-8281-a809-bc824b4c51f2,9.949073610530351e-06
bf325904-2907-ba14-9549-c2742153ccec,0.001649561897584756
bf46ed4a-e604-e795-d02f-09f780b830b4,0.0
bf54dec2-17c1-b596-eb3e-0469ca94b0c7,0.0
bf68a705-6526-68a9-90fd-a37052c6a7e5,0.0
bf88167a-b73d-4e40-a226-edab9f6130f4,0.0
bf9b2bd3-942f-dc1d-b45a-58949a59fea1,0.0
bfa1f88d-050b-9298-13fa-3888c3190fe5,0.0001854038830958758
bfa7b1f7-f216-71e9-7aac-8d2b2414cfae,0.0031490352818337054
bfb21f86-4e2d-d2a3-7d51-30e228444f5f,0.0
bfb3bfda-03e1-7b65-8f46-7fca786f26ed,0.0
bfe63eaf-c0cf-277f-83f3-fd63f6af60b4,0.0
c056d4a8-06fc-0121-68db-9e59e5ee540a,0.0
c057a4fd-dbf7-ce11-07a8-95b5e8c97ca8,0.0
c07fbc36-a07e-5675-4d7e-00dc861af913,0.0
c096808b-c431-7c42-8b73-ccef71528fed,0.0
c0d61847-fe1d-1a9c-049e-e412e041872c,0.0
c10081f0-cdf9-3689-d294-293cc018fa2b,0.0
c1104246-ce96-71f5-bd39-8f9bca126006,0.0
c135a907-fa33-14af-b73a-df475c0a51ab,0.0006911926654788658
c1653f9a-2017-d456-2987-400e7bfc088a,0.0
c1782c23-373b-33d8-18ec-aa2fb2a72926,0.0
c1a672fb-98fb-5284-1236-bdfa905a982e,0.001381788446099805
c1a732d9-e092-cacb-5d8b-0fa0a1d2af66,0.0
c1b40fc8-a5d5-4b24-1f9c-e88d92895e0a,0.0
c1eb0c7f-f90e-e484-2e87-a5b9c3fb3267,0.009132373273577226
c20a31c5-6e24-42bb-8bf1-2af7bd5f73f9,0.0
c21b4680-75e8-ea37-265f-e3ad6f0f145d,0.030462996856530956
c29606e6-a80b-5d7d-9642-f4c032bed38e,0.0
c2cdd4ca-8b3f-1a80-42a6-cbef0195c27d,0.0
c2f3df58-0264-915a-77f5-8c2628231778,0.0
c3144da5-8618-2e95-3a13-60417220da5e,0.0
c331f266-44d9-dff6-5e01-240a2831c494,0.0013521796663888339
c3575e46-68ee-8d73-62cb-c1baa22e82ae,0.0034482038242412845
c35ea9fb-6050-6167-c0ec-796631f997f1,0.0
c39767f1-adfb-51ce-e401-0506ce61f1dd,0.0
c3c4cbc4-0af2-47ff-a7fc-e5c9c06d3fed,0.0
c3dbc7b1-fc7e-8fa8-581c-5090a328b447,5.237664628304876e-06
c3e5a994-4f3d-0e7f-6f21-21ff6a87635e,0.0
c3e85b04-7e14-6310-48be-215b2df5c197,0.0
c3e880bc-3f62-38e7-d009-9d7a9144bf3f,0.0
c406daa2-8ab5-08f0-7743-1eb82334f99c,0.0006911926654788658
c45686bb-f93f-3cd5-a2ae-e511a2a8adfc,0.0
c47b2e8b-2b27-20ac-b9ca-a8c14b05a2b3,0.0
c4a04cae-6857-8739-b041-11fb25effa61,0.0
c4bdc9f3-5a75-3393-8d54-fec662761ec8,0.0
c4c0a7a9-d188-50e0-0b27-34464138fb82,0.0
c4db0cdf-ce0c-a4a9-d0aa-d04f38b7451f,0.006177758279539085
c4f1a0e7-0e1e-6219-d4a9-2c10b4a34e1a,0.0
c4f3c2ff-0914-470c-b137-bff9fbe646b8,0.0
c515cf3a-45a7-61bf-2b97-6fa278a75449,0.0
c51eabef-e0b6-53a3-86e9-4e4d882bc204,0.0
c534cc08-f3fe-0b0f-00c9-2bf8133a3f12,0.0
c5490554-a5a5-b845-9f94-a7ace2760d1f,0.0
c577b146-0bb0-740b-68ab-1cafeea891c6,0.00030620633286233215
c5d70b7d-21bf-4957-5431-fb6fdc87efde,0.0
c61c16f5-00cf-c481-d18f-1e60c7c06369,0.0
c61ec917-13b1-fa86-cf7d-88006a947914,0.0
c626d079-467c-fb28-bf13-e7f40f9138bd,0.0
c66a6776-37f6-301b-6938-9dd218005bb6,0.0
c66da856-23cd-7edf-0e22-9517403763cd,0.0
c68c87ed-d5ce-68ac-ecfe-563756f6c50c,0.0
c6bfd3a6-3419-210f-6081-ad3ae766da6e,0.0
c6caddd3-9342-a332-040e-fb94fe607fbb,0.0008883706727879938
c753860f-ab3d-816a-2dc5-9b26c6b9725b,0.0021151104140137247
c77c4138-8927-00a2-223d-eaaf15d4b0b6,0.0
c7b3a6d8-a705-e4fd-98fb-9c29ab1236f1,0.0
c7c49477-8a69-6cc4-8a8c-cef0df4893ac,0.0
c832b783-fb26-9a16-1e06-2700b2fcce55,0.0
c8595723-f454-a4e8-d769-a293d4f3b1f1,0.0
c8d480fb-c501-6b6f-5b0d-318c425609e9,0.0
c8f62446-7393-9579-79a9-6d1b08de3b5d,0.0
c91147dc-dac4-06bc-ca90-d463c95db9d7,0.0
c91299d4-bb47-fb85-5020-abde625ded37,0.0
c91fdaaf-2dc1-4a18-59ab-99bae01f80a3,0.0
c940a754-b1f3-e6dc-ee80-5ceed633058d,0.0
c9af9734-9f83-c633-6209-9d8af7513508,0.0
c9b05af9-8a75-c031-1c0d-773d21fa6441,0.0
c9ba8626-df58-80ab-89ef-9bf6ea333e06,0.0
c9c81bd1-86bf-8302-345d-79126595bbfe,0.0
c9dddff7-d25e-b1f7-c85b-3fb9695a025a,0.0
c9e63fee-d9b6-5ec1-b52e-6da185f763df,0.0006624523664890503
ca0dc3f8-5f97-fded-6e0e-14c53d5302d6,0.0006911926654788658
ca7152b1-8184-d2ea-70f9-f203fddaa097,0.0
ca7c5678-f2e1-0d56-783f-bebff073050a,0.0
ca8f4f22-a1ec-8822-a311-930908b9499d,0.0
caa546d9-e8bb-9bf6-2b43-2e5ba2cb3b24,0.0
caab6568-34b9-4ccc-b3d1-c875e6f6d499,0.0
cab20d24-a428-4817-90d2-a553ffdef2ee,0.0
cb04012b-06b3-77f4-c249-1bd7125b16a0,0.0006911926654788656
cb14f77d-6bf0-d9d0-e206-dc45a3840e28,0.0
cb160b9a-ede9-42a9-a413-b502b5cf519c,0.0
cb339846-65b4-7d67-a085-f4d7db0a5116,0.0
cb50e92c-6c6c-fb23-978d-39027b293a39,0.0
cb5d7923-63fa-4e7c-b754-78283e09a634,0.0
cb5e3bb5-bb01-7cd7-f1fb-89d150837f21,0.0
cb77dca0-d8f1-e1e6-e2b5-3d804fbe6533,0.0
cb94794e-ffeb-7d89-b1b4-74013f52ac31,0.0
cbb4e2ba-caa8-1ef2-5aef-f66f49e00d83,0.0
cbd37ccd-6bab-8535-3786-2438ff4468c9,0.0
cbd5df22-5c92-0a08-d46b-820318d52a60,0.0
cbf46f8c-cf9e-8347-0d18-9416cc2f7e69,0.003923464552169053
cc7d68e4-c91e-f116-2ba2-3cd9dd151fea,0.0
ccfe61d8-88ad-0812-2249-0b84c966be5e,0.0
cd285dfc-ae46-20fb-faa3-a1f2929c7e36,0.0
cd6191f8-1d04-89b3-47c9-367cd5cf0f09,0.0006640048241443192
cd92067d-3ceb-4f84-895f-60bed35520c3,0.0
cda10121-cc1a-2c6d-367d-ad92497bf7c2,0.002757608043620345
cda8d786-9e2b-68b6-efe5-dbd0c75002a0,0.0
cdd32678-53e5-c4f4-0c77-6e48e84970a8,0.0
cdd534d8-3d5f-694f-6fc3-4f5ceb285125,0.0
cde5b9fb-e706-bf8f-7e94-6ce84f487e2a,0.0
cdecef33-973b-9ebb-9564-b92fa7410b9e,0.0
ce534758-a5ad-245f-339d-3bfac8c150df,0.0
ceb16050-408d-3bbd-c6ef-24fda17579ce,0.0029131871951824685
ced9ff54-b3c8-5880-8f96-aabef06a4e48,0.0
cef718f3-0f8a-698f-f6f7-69f2b1274f95,0.0
cf0bbf84-58ea-145a-3875-bf43184204e1,0.0
cf0d7bb1-6c37-6f46-b54f-6e67a54d1768,0.0
cf0f2e0d-97e8-a8d5-ab84-1e56842a5c74,0.0
cf1007bc-3107-edfd-2a89-6e8cf7311e15,0.0
cf1518de-cb38-1b4e-2601-3d377dab0eda,0.0
cf42c696-68dc-ed89-d986-4dad131c1f9c,0.01968523473730522
cf60c63a-c409-4817-9bd1-da29b814a960,0.0006911926654788658
cfb09a92-96d0-4650-71c4-cd69e5648be2,0.0
cfc22347-830c-2ce3-313b-567e7cb370bc,0.00013824115696943273
d0128aa4-8f47-49e3-b7eb-bdc64cb46d06,0.0
d02955d7-3ff3-802a-c874-d2ab39dc5051,0.0
d0403eec-f417-47fb-a051-1cad040a0150,0.0
d070807e-d60c-338f-2c40-ccdee19fd448,0.0
d08945d0-eec4-718d-bf21-0311758f3dc2,0.0
d08a75e5-af04-fef5-65c6-51f8b83df804,0.0
d0ddf77e-3952-669e-d8c2-76d7316daf97,0.0
d0ff32ba-0655-6d6a-c693-d4971fb6bba7,0.0
d115751e-84ae-fb3b-acdd-f8c68cebf85b,4.0866993217675e-05
d139bb7c-3d80-6664-34a6-b88698152c10,0.0
d143fbda-456e-0898-45f7-6fcfeef05117,0.0
d15c9167-8cf1-4d3f-9554-9da2d75eb5b1,0.0
d17c69b5-64ca-2974-8907-af6bd2290185,0.001157924126566023
d17d1780-16f9-135c-b6e2-a6923cb3b2a3,0.0
d1d5802d-e543-b258-e036-18806a4f58e6,0.0
d1f4c565-33c3-7887-dcf3-93ca0c479e32,0.0
d1fd2b3f-44b1-0e46-eb0a-c6bd224d21bb,0.0
d21639c3-8a8c-ee12-9812-57d5e0fc118f,0.0
d22f410e-b084-65d2-c81b-8706afce8eaf,0.0006911926654788658
d2942e1a-b833-1736-5d9d-9e584c6731a5,0.0
d2b289bb-20ff-1221-8aa7-c1ed1778de5c,0.0
d2d2d14c-84ed-a85c-3e3a-52eb330083e2,0.0003796792253844793
d2f381a4-2f26-1de2-b94a-4eaa2a3b2991,0.0
d2f472ed-cfb5-93e2-3655-85cf0194878e,0.0
d310b67f-3a94-e0ea-51cc-5eb263bbafa1,0.0
d32400e6-5d74-d0bd-84bf-84fc05c17a0a,0.0006911926654788659
d328617d-c9a3-5a43-ac92-4c4502f34af9,0.0
d36af63a-f0aa-a40b-1a22-13d4a3d341fa,0.0
d3dfc599-f06f-3a1f-c8c4-055363e2c177,0.0
d3ea9809-8330-0cf3-acdc-efb7e88300ba,0.0
d3f1f735-51c9-3306-04c0-0aa115b5ce43,0.0
d425cdd4-df80-062b-bf68-c7a8babaa513,0.0
d4c8daa2-b23b-021b-d76e-ab1b974314b7,0.0
d50a5755-75de-c2b9-8793-98df66d535c2,0.00042849658646145893
d50d5db2-6115-8a3a-c8de-59690c273afe,0.0
d5390ae3-43c8-7a35-f3cb-dad96703b2e1,0.018314040494435014
d5432d87-1a7f-c6ba-5845-0eb3b5f4723d,0.0
d54872d6-3ac0-de9c-db23-4e6a386199af,0.0
d558efd2-8774-5e70-aee8-35a7387c3cd1,0.0
d58163cc-dc9a-329e-031e-ce42c0846adf,0.0
d595e399-4fd7-fb82-cf2a-e7ab8435500f,0.0
d596538a-9b3d-ca42-1794-16bb73055311,0.0
d5b4e760-75a9-676e-bca3-5eb5c8335fc3,0.0015580126828070885
d5b9d6ac-97a8-1abf-c138-5c548d4acb38,0.0036907837373259967
d5e5cfc4-13d4-0b5a-8ee9-2e6e3097ecc4,0.0
d61d4121-bfa3-c20e-c047-c533b74adc68,0.003386307736220404
d65a30ea-dff5-aac3-385c-0348dfa35e5c,0.0029697440245226928
d6a1a2c3-0c6d-f901-13f6-0a4cd56372a8,0.004024108540609866
d6b7b883-c1a3-ac8f-59c0-641636fe6afa,0.004068237292496339
d71aef97-3817-e6e0-0a81-b7a0c13f0ee1,0.0
d748afd1-02dd-919f-5b26-66493e243b92,0.0
d764d582-193b-b880-8c22-c7b900f15c20,0.0
d7724687-d817-8a9a-2b90-823ffba3c455,0.0
d78af7a9-6b5e-4dde-af9a-1f13c83b76a5,0.0
d7ac3fee-06f7-f49b-a894-7e8e3fddece6,0.0
d7b0b664-fea0-f4de-6bc9-17b5418dcd8b,0.0
d7e5bf67-6929-1109-d0ab-f58160c8989e,0.0010309426753993894
d8025b84-ecf8-40af-6eb2-2fd36baf7f82,0.0
d83fc2b5-bf72-b7a1-7adf-f92be0bb5d8d,0.0009707545558688907
d84f312b-06ce-4f61-b102-ce0a6be9bf23,0.0
d862db94-1ae5-d1e4-7c8c-b07359e90fcf,0.0
d8887aaf-f865-264f-56ae-572f7ebe1d74,0.0
d8b57c0e-9f0f-4dcb-d207-a12a90c64a2d,0.01598716403855512
d8f33596-a518-b353-cff0-8e5c6d7d14ed,0.0
d8fff733-d5ac-f7b5-056e-a742a032dd22,0.0
d901df35-73dc-18f8-c3fe-da7b55909cfa,0.0
d914e869-2cd2-09b1-3d8e-b671b91171ee,0.0
d963873c-5145-907c-588f-f8dccc6e27e4,0.0
d96493ce-a8e2-ecff-90a8-b323b6deb5fc,0.0
d97b42a8-154a-d344-2e91-3d9cdde02af2,0.0
d9913ef0-5e0f-8f3e-65e6-b8f9cf64e25d,0.0
d9bb3675-1bae-bab4-98d3-e9e7113d5a79,0.0
d9d7f645-1761-d8c4-e5ae-33a0939bf317,0.0
d9de1b5a-d1d9-ab28-f931-4b31cdb2ce4c,0.0
d9eff5c7-48df-bd8e-1d37-0594f3c24667,0.0
da03a0e8-f4de-707d-79e7-20e1756cef4a,0.0006911926654788658
da13bb6b-e287-bdef-21af-2bdb7db0c09b,0.00013828356591016436
da71f0a0-c2e2-e264-75ba-e86309b23257,5.968848579264816e-07
da7c4595-9dec-f95c-32b6-8e12ce4bb6d8,0.0
dabef835-5f26-446a-ae9a-a65fc45f6f40,0.0
db297a81-34c3-2103-cf03-f191f121b1c6,0.0
db4131b9-e838-0577-2326-e72a959dbbb3,0.0016368945096508576
db66623e-b9e1-36dd-beb3-eca301e9cdef,0.0
db7ee23d-cb7e-1d73-5573-132cc9c0b7b1,0.0
db8bb909-237c-8989-45b8-3f3c97d7f37d,0.0
dbc84d2a-e44a-6a4f-fc13-43db24381936,0.0
dbd9b3f3-0c4d-5e9b-5c5d-3129df528988,0.0
dc4a6f73-6289-8834-d116-0cde419ef9ef,0.0
dc7e0a9d-2dfc-3398-7790-50121b13e851,0.005160353040387014
dc92c626-25a6-1150-182f-d193b5dbe6d4,0.0
dcb99002-9225-c513-27c6-9002b6103bc0,0.0006911926654788658
dcf152a1-23fc-6a0e-9a76-68c3fc2ec472,0.0
dcf345e7-638a-045f-a06b-e569bc8714b8,0.0
dd0d8d71-ac61-fc29-a33f-027900740cfd,0.0020657961679410594
dd31dc9e-cae6-e79e-ea49-9f176deea77d,0.00029134973708184813
dd361240-0e75-81a8-b0d6-5b7f131fa0ef,0.0
dd391f0d-0cf7-f196-e64d-0b16ea97e65c,0.0
dddb150f-650c-c309-11c1-594ee8294723,0.0
ddea32be-c22f-43a6-2f0c-206c44b3dd88,0.0010715391668340345
ddfe6b91-4541-7f5c-7d6a-724f75c98088,0.002757608043620345
de32ca29-ca4f-42c9-bf49-a0b5fab142e6,0.0
de3ae59e-1669-a0e5-9316-2e16e6741892,0.0
deafaa56-3488-97b8-8f70-01dbe86b4415,0.0
deb9e9ea-ea29-5b70-86b7-edea1de55648,0.0
dec6b9cd-1e1d-0692-6ba0-0195d0a19080,0.0
df4b4c95-7473-4d2d-8427-4257053fc0cd,0.0
df4f582f-dff7-0c18-f2f2-983a22ae9753,0.0
df535df4-1d9c-ee05-b259-784e5066270e,0.0
df5d4499-823c-91c1-09a8-9bfafb8bcba2,0.0014258197693922444
df697060-a094-c176-7a2d-00f3a8054721,0.0
df8a29ed-4ab2-aea7-2095-85045c5a8e19,0.0
dfbe7577-7061-fcb2-cba3-d6cc73729776,0.0
dfc40307-831e-0da5-36b0-752a0c995244,0.0
dffd50cc-7038-4e65-6446-b41a9227e737,0.0
e001d2ec-8e3d-0b78-6266-504079afab11,0.0006911926654788658
e011914a-fb56-2d4c-d821-a58dafbb8016,0.0
e01aaf68-c7f1-7d2f-1d67-f8f56b8b73f0,0.0
e01b4294-59b4-36e4-157a-cc1e90d3f447,0.0
e0466c68-8e59-0a95-8bcd-fb25071bbe9f,0.0
e054829a-8b77-7d86-82b8-ba233551621c,0.0
e0906c05-fae5-9591-ba5f-2142d8b0065a,0.00258831301259554
e0c035a0-865c-3db9-75f6-229a941a2958,0.0006911926654788658
e0d51abb-49f2-1260-04c0-306a5e172a95,0.0
e0da6e2f-eb97-b57a-4f5c-ef737d75e675,0.0
e16df71a-f4d3-c77d-13e3-fef6f3ed8618,0.0
e16e9690-c0fe-17f8-c3c1-6e5252f11267,0.0
e1716242-f6ac-09c0-e893-76f3b9e7a4ff,0.0
e184f17e-cfd3-41df-47fb-75c9299bdb41,0.0
e1d530e7-ed75-5e38-e1c0-c07ab4f0f536,0.0
e1df0636-887f-828b-f94e-79ffd8b890f1,0.0058804308967392955
e1e014f1-f446-7624-fe3f-e5b0d645483d,0.0
e1e97114-b3c1-8c0f-83b9-f22dfdbd76e3,0.0
e1fda2ab-cbda-9529-f5c4-d5c26ce6376e,0.0
e2006571-6b7a-e477-002a-f7014f48a7e3,0.0
e20398bf-d8c5-5941-038f-a5d2962617e3,0.0006911926654788658
e24b13c3-b0fc-b312-2f0f-0c300c82856f,0.0
e2642efb-6e7d-92af-835e-ea68441ec2c9,0.0
e2802fa1-0698-5cad-b9b4-a98b24f72765,0.0
e283df8b-af6e-6076-cfa4-9d8c3e87d053,0.0
e2c3ea0f-c97f-4de6-fdfd-ad3b944a4e85,0.0
e3196387-7a50-9045-83d4-5e59ee61386a,0.0
e32335d6-b7b5-8d3d-c09a-d8b9356f2b23,0.0006911926654788658
e383af22-89a1-07e5-a256-91de31854750,0.0
e38e2beb-b89b-ed91-d5c7-5c59671464b0,0.0
e3c2bf9a-023d-12ef-02ba-abd54b117e61,0.002195932880997263
e3db222a-b1d8-4433-c559-7d4831d0c206,0.0013811915612418784
e3efb139-9dae-d37e-b5b6-1d8e4728b7dd,0.0
e420d7df-dfb3-2f02-86df-dd8e7af092b9,0.0
e4ca8876-d26f-04a0-1612-833c87389d89,0.0
e4f6f1b4-c191-8bc2-5585-7781907b73fc,6.351328173672355e-05
e57f1a10-e8bc-e6fc-e2e5-dbf4af5cde67,0.0
e596515e-38e2-c9c0-7584-a46a8b1ff871,0.002820628659829364
e5c42bcc-71b4-0857-8782-ffae92a45eae,0.001712291431282734
e5ff3e1d-3868-b687-514b-6e6d45ba07d1,0.00030874178040400847
e61b2e03-ca40-7ed0-4d04-542b1d84f71a,0.0
e649d0c7-3f41-e2c0-03b7-867ab82fb8d2,0.002887430194420523
e6925250-d118-961d-e1f6-1988da39de6f,0.0
e693e2f0-50bb-05ab-8a27-4078f5dacf11,0.0032276001309853525
e6dd0240-02ad-4119-2818-6f7c54abc5e4,0.0
e701f36d-4451-6a41-d667-08300c6e4e3c,0.0
e72684d3-fe33-6b2a-c3e0-d544cd866543,0.0
e72aab01-fbef-7d21-ac1d-84ee1413fddd,0.0
e72dcdd4-665f-a168-3862-33727eded6f4,0.0
e74463f7-94a8-ab7b-ba31-f4cd57a16570,0.0
e79bb5b6-00ce-6611-6d95-0d14b8701c01,0.0
e79dcf5f-d2fb-931e-b920-492cd7b1933a,0.0
e7a57251-2f1f-18dd-d8df-4edd3c03f084,0.0
e7aea251-cf75-1417-7801-4ea06c742a04,0.0
e82704dc-b9c6-c463-96ff-eca541ff3de3,0.0
e83b8f68-8bc9-6b56-220c-0ffbd470b931,0.001677523179079518
e8880309-ab74-b515-fd24-848f7de62cd9,0.0
e8886687-5637-2b4e-49bd-56a3aac4fca9,0.0
e8b3061e-ce57-55a0-2020-6774da0a6167,0.0005080409621928173
e8b74d6c-6b31-c336-a518-929431eb9dd2,0.0
e8e28ffe-0cad-7517-372c-c2e378bfa016,0.0
e8e2ffae-aafa-6632-814b-9192ef7cee9b,0.0
e8f51f59-521a-3893-f098-fb674d00ab9e,0.003903671238519143
e94f99d2-45ca-95ae-c179-7363a78635f0,0.0
e9580121-0c30-e001-a664-58a82646a69c,0.0
e9587ebe-6848-d9d2-b29c-5f0f1a8fec89,0.0
e969dba6-d96b-50c6-8843-136460748b94,0.0
e970396c-1a0e-aa64-3cf3-6de014b615ed,0.0
e98055cf-8c56-dcd8-6055-d89760ac3c55,0.0
e99103e4-b5ba-8f9a-1954-73649ef2e8b1,0.0
e9b8ac17-508c-89ee-31a7-a2c4228da896,0.004600709700178087
e9bcf168-fd1e-15d2-dca3-ac95de5f8cec,0.0
e9fc6d99-a968-c8e2-549e-ee6e13b9127f,0.005500293965792528
e9fe04e2-24d5-4dc6-3276-4876e41cb5ff,0.0018207774361302883
ea04e312-c564-0aaf-db7b-1923bd58378f,5.565508854045984e-05
ea148ca6-363d-04e4-c6eb-4219a3c5a076,0.0
ea17af29-a8c8-6bff-631b-56c533313fbb,0.0
ea1c3491-98bd-4e0c-aeec-110a48437fe9,0.0
ea3791b6-042e-2462-8084-70671d29b108,0.0
ea554be4-492c-cfdc-e557-44d69faea0dd,0.0
ea68f8b2-08e5-346c-aaaf-94e87c883209,0.0
ea6f3a03-fe05-007d-5110-8d9ac96e8f9f,0.0
eace1b0e-c492-d378-a25d-0c6eb0e37b47,0.0
eb40c4c9-2b90-f35b-01bc-007b555f403c,0.0
eb59c71c-afe5-0d97-9d50-53faa6cd16a0,0.0
eb6353d5-b265-0534-4421-2c6befd7319b,0.0
eba7687d-481a-4164-6ab3-ca39d430478e,0.0
ebcbc47b-3806-3c60-93b3-b40b4dd3bb47,0.0
ebf0c920-8a8e-5557-a47e-ba3a63cd177a,0.0
ec2e0cf5-8e1e-982e-162f-15775178ed03,0.0
ec4e377a-7457-00a9-5c8f-9aa227062f67,0.011341525293587569
ec74a4ae-156b-5cba-82be-7922964ca376,0.0
ec7c3d16-7984-a374-b51c-443e84584190,0.0
eccc5b3b-cc25-8351-708d-f925d279ef00,0.0
ed24f9ce-2313-cb8c-8ff2-9de6899ea992,0.0
ed316818-f1a6-e6bc-866b-abc45df44816,0.0
ede6b406-0592-58ae-6bce-9f9237070f7c,0.0
ee048207-af5f-1386-7c31-76d86e6c0858,0.0006911926654788658
ee10cd3c-7803-3a09-e8e8-5dc815f3b004,0.0
ee2c1042-048e-4a48-93b3-94abe23f7670,0.0
ee3edad1-9ba7-221d-81f2-8100c14c9eb8,0.0
ee488c62-fd85-3aa8-9eff-0ebe72f6450d,0.0
ee660450-ac31-ff84-bee3-e03089cba228,0.0
ee7fda70-1158-38c6-dc69-c6ec8b8b8d64,0.00013818838771162593
eebca34c-66d3-2bb7-b034-dc79581605ef,0.0
ef018ea0-1b5f-36cd-53cc-9e03696cc1e5,0.0
ef989047-b04e-78e7-7d6d-a9281c0e0278,0.0075016563069486755
efef5d98-4f0a-149c-11a7-d5fd866648b0,0.0
eff6242e-0eee-a824-4ccf-77250c35f818,0.0
eff81688-f67f-e3d1-8008-aa77e7854a5c,0.0
f001ac78-5346-3be2-cb71-0a8ad784d720,0.0
f00d343a-fee4-237b-e691-68a5c530ed84,0.0
f0153d49-086c-3581-a700-4ed06192252b,0.005666164165598166
f0366a15-1c11-0da9-30e2-fdd52675dc27,0.0
f03d3087-728a-2811-7fe0-69cab3e7bda8,0.03298047015920891
f07d5d6c-9bef-fa62-2063-322151c42fb7,0.0
f08c4305-184a-7ef5-ac91-66e6924bb8f9,0.0027608909103389416
f09c1228-2e7d-1889-6647-ba5021b2e4ea,0.00010910823459387902
f11543b2-7af3-9995-2009-82096a42ed3f,0.006634988556628026
f1382b8e-53df-a7d7-2829-47546e10f1cb,0.0
f14214f7-4a6a-68a3-a068-e3834cb340f8,0.0030970776696233344
f144c090-e955-5ff9-e457-315e3ef6cd3c,0.0
f18939fa-0003-b89f-9ce5-edfc263935d2,0.0
f1b15e2d-aba5-3783-c67a-8883b7ff312f,0.0
f1bf1e47-36fd-5ae4-f152-7b9f1e915fb0,0.0006911926654788658
f1d19cda-be7a-64f8-68b5-9b6f2de90ac6,0.002757608043620345
f20517b0-9508-43ca-de04-1d8b72720884,0.0
f2055253-a892-aeab-926d-ac1c8a7485d3,0.0
f2100463-408c-f445-7215-a3c6282df039,0.0007001752025195052
f23fd798-2cc4-426e-c670-13e81ba24806,0.0006911926654788658
f24bc536-cc33-a9b5-86d6-4b25c7e742b1,0.0
f29ce33d-4f82-6f24-6f8e-3d8e72ba51cc,0.0
f29d6e66-1634-21d9-db53-28ca4c318524,0.0
f2b4f17e-25cc-9161-0509-eea8ecc3cc24,0.002851602449744016
f2e08668-5d52-1fd2-7e61-9165c69839ce,0.0
f2f5edca-be20-45cd-14a3-9b297ad8e0a3,0.0
f31d1c26-6f4a-f8ee-267b-bf279b1a67d6,0.0
f3275f2e-c39e-4855-b6d6-8cabb7a157e8,1.1937697158529633e-06
f3423d8c-a190-829c-0a52-03b471576ed4,0.0
f35cf170-c010-9b7e-3bf4-3b06266e9132,0.0
f37f4263-fe61-e14b-5c00-2c3305756712,0.0
f3f02af6-90c8-78e0-9218-981d3dadf122,0.0020699966872890383
f3f4456d-9fb8-0997-f86a-f7a2adc8ea26,0.0
f439816d-7dcb-dcd1-cb4c-1b85225f5ae3,0.0
f44448e4-ff35-c96a-b7c0-3bd2ebcb4f72,0.0
f465ec61-90a8-adcf-3190-a3ccd2a0e2f5,0.001381788446099805
f478aa88-9331-23c9-4a1a-bfc7fd2856ab,0.0
f47fd3bd-8d51-38ee-991a-20f139a5a38c,0.0
f48612e0-d1f9-98cb-55ab-e04b64597334,0.0
f4d6ef0f-16cb-d761-6c03-345eb5573afc,0.0025056879018584876
f4fcf614-623f-232f-dd63-aaa387a47897,0.0
f520124e-7374-a5a1-f651-0e76e98fa76c,0.006248385834646478
f556896d-14ae-6477-1c31-e8d1b10275cf,0.0005558366895716189
f5a766ff-42e9-68a3-a35b-9c7c5789a61d,0.0
f5edea4f-33ad-9d28-e9b3-5b54f6b80ef3,0.0
f678bb5d-181c-44a6-f867-3b27e6fd2514,0.0
f68dd674-f70d-1c0f-762d-fed901268b18,0.0
f695d0c6-9dea-237d-111d-fa9b35a19904,0.0
f6be5408-4448-0abc-1b3f-b78cd08fede6,0.0003287666763600556
f6eb375b-d06a-7944-a2b1-9e5fb1405d99,0.0
f6edb666-3dd6-fc23-5c1a-8bdb9c2a1a37,0.0001194598722600083
f6fd471e-feec-9711-e4c7-7ac431deac3a,0.0
f7074df8-b922-3a66-cafb-cb2e367a4294,0.0
f72440cf-e99f-3ea1-c487-7e3b723a4dd3,0.0
f72ced04-4c9f-f371-fd1d-889b816ed3c9,0.0
f75c75c4-a72f-dbf0-8b33-dd2364351a5a,0.0
f7695e2f-46af-bddf-408e-206204a433cd,0.0
f76aa3eb-9bcb-a9b7-fd5c-9f6230b6a1e4,0.0
f7763718-84b2-0b57-337b-24b8db3e03dc,0.0
f784db87-2025-ee0b-9e44-79a39af3b074,0.0
f78eb90a-f331-2a9f-a9c8-319f233552c7,0.0
f795b712-384c-41c0-bffe-d37eb16dd70e,0.0
f809fcb0-52f8-5590-2e02-59251ca3a8d4,0.00044392035621186577
f82127e6-3f7d-1ed0-4906-a61daf4135b0,0.0013811915612418784
f88bb9fb-973f-3203-e8cf-8c1da2c96588,0.0020717873418628174
f890ea11-a236-3193-e851-b5d4c1d648b0,0.0
f89a8d3d-42ad-8ac2-e138-8f638c4f3f7b,0.0
f8a50fb6-2d7d-51e1-81b6-42c7b5666cdf,0.0
f8b572e2-f93e-7bb7-f409-f30f097a2274,0.0
f90c12af-7de4-db35-d401-357bd88f096a,0.0
f9140b08-15a9-3679-0b43-dbc5bdf36616,0.0
f930a702-4e4b-810d-dbe6-11569a939112,0.001381788446099805
f9512678-6bf3-831f-d450-9327dced53df,0.0
f9763746-43d7-2e75-bea2-012abc208d72,0.0020699966872890383
f985717a-f92b-7130-771a-c0a581260833,0.0
f98d61fa-5672-5c33-d07f-a716be4929c3,0.001381788446099805
f9977da6-b767-3ce8-8bf9-c9e29559905c,0.0
f99787a1-b0fa-be61-784d-04578019a1d6,0.0
f9ef7e3e-320c-3e5f-d039-4d11663d6eeb,0.00580205649448903
fa34a0e5-8e66-265a-a0b3-ec32735ec1ce,0.0
fa653319-10ae-85c4-a7a3-48d9ac735c73,0.0
fa70ce0c-f833-d3d4-d88d-fbca4d116d53,0.0
fa7dee68-b6be-e61a-bb50-08c612fba57a,0.0
fac11091-5ab7-e7df-7891-f5d683d14fc9,0.0
fae63b63-e7ce-b77d-5adb-1a8f6c270bb8,0.0
fb6fd6cb-adb7-c95b-88d5-fd7ccef7a92b,0.004135815180572591
fb720a65-cd64-ffe9-a431-56dec571458c,0.0
fb816fab-f529-bd11-ae69-08137799a3ac,0.0005225258535008821
fbc35022-c475-d033-b109-bfa49a6b5f78,0.0
fbc7746d-86e0-8fd6-19d8-69280c686d02,0.0
fbcaa626-ad3d-b1b8-34a2-02bd9289d392,0.0
fbef6457-9149-72cf-af57-7cfbe15c05f8,0.0
fc34dca7-bb69-647f-274c-c95d4e0ffc5b,0.0
fc5fbe7a-562d-d577-b05e-46797caa134c,0.10236158236478218
fc6a20f3-300e-36c5-f550-748070f5b231,0.0
fca27a14-0d6a-09bf-5672-e0b1d80368ea,0.0
fcace616-f441-6899-d24f-c4014b29e03b,0.0
fcb5b443-81bc-924e-8485-7b510d106e1d,0.0
fcf4254f-b532-53dc-6e50-906ef5bcb9d1,0.0
fd036b99-74b4-4183-db7c-746a1348924b,0.0
fd32fa80-742c-f5a6-027d-2bec7c74ee3b,0.00042833951116307874
fd3759ee-9f14-b6d9-03fb-173ce84dc70d,0.0
fd37ba83-44c7-2151-9355-fefac3ab1a67,0.0
fd3adef3-9d67-6901-9c70-07415dc17a30,0.0
fd44c344-e3af-a5da-c703-eca78313d01a,0.002598323846612692
fd695d7e-0c1e-f730-af26-18147b14477c,0.0
fd697301-f3b1-2f9d-25fa-caa5fb2f6bc5,0.0
fd78c49b-8447-5fa8-da80-bbfbc19591a0,0.0
fd80725f-53fc-7009-9878-aeecf1e9ffbb,0.009274237550115368
fdd6a78a-78a8-57b3-f1e5-c0f9339870ba,0.0
fe291905-3f6d-3f70-fbcc-346957915455,0.0006911926654788658
fe29a65e-f27e-2d3a-308e-f22fbc323dac,1.1937697158529633e-06
fe897c40-a6f8-40db-deda-9d669111097e,0.0
fe9d9a92-171e-9b8b-7ad9-82b29a4c3ef8,0.0
fea4e7ba-3805-43a5-0456-1b149168e785,0.0
fea6ac10-37e4-7299-ad74-523df3c91386,0.0
ff0ae1b8-539c-40a9-930a-d444adcedbdf,0.0
ffa63439-db48-95eb-0310-c0e16e855b8b,0.0
ffb6a988-785c-94d0-d88c-c2d5408e9b07,0.0
ffc0e312-03fb-7d3a-7e3b-e70dde181edd,0.0
ffc68fa4-4b12-219f-8d76-df2ecf91778b,0.0
ffc9aaa8-e3bf-9fe5-0c03-46b4ad1ce1fc,0.0
ffe99b24-01f1-7cd8-631d-415bb4d3550c,0.0
